"year","county_name","county","deaths","pop_at_risk","rate","space.time"
1968,"Adams",1,6,17952,0.000334224598930481,1
1968,"Allen",2,32,111028,0.000288215585257773,2
1968,"Ashland",3,15,43504,0.000344795880838544,3
1968,"Ashtabula",4,27,95077,0.000283980352766705,4
1968,"Athens",5,12,54180,0.000221483942414175,5
1968,"Auglaize",6,7,37893,0.00018473068904547,6
1968,"Belmont",7,25,77856,0.000321105630908344,7
1968,"Brown",8,10,25300,0.000395256916996047,8
1968,"Butler",9,49,222616,0.000220109965141769,9
1968,"Carroll",10,3,20961,0.0001431229426077,10
1968,"Champaign",11,8,29910,0.000267469073888332,11
1968,"Clark",12,42,153501,0.000273613852678484,12
1968,"Clermont",13,23,91596,0.000251102668238788,13
1968,"Clinton",14,4,31214,0.000128147626065227,14
1968,"Columbiana",15,45,106723,0.000421652314871209,15
1968,"Coshocton",16,7,32900,0.000212765957446809,16
1968,"Crawford",17,14,48650,0.000287769784172662,17
1968,"Cuyahoga",18,633,1744859,0.000362780029790373,18
1968,"Darke",19,10,47749,0.000209428469706172,19
1968,"Defiance",20,4,36756,0.000108825769942322,20
1968,"Delaware",21,11,41964,0.000262129444285578,21
1968,"Erie",22,22,74091,0.000296932151003496,22
1968,"Fairfield",23,20,70676,0.000282981493010357,23
1968,"Fayette",24,6,24888,0.000241080038572806,24
1968,"Franklin",25,246,813246,0.000302491497037797,25
1968,"Fulton",26,5,31976,0.000156367275456592,26
1968,"Gallia",27,3,24102,0.000124470998257406,27
1968,"Geauga",28,7,62514,0.000111974917618453,28
1968,"Greene",29,21,122930,0.000170828927031644,29
1968,"Guernsey",30,11,35664,0.000308434275459847,30
1968,"Hamilton",31,376,933253,0.000402891820331679,31
1968,"Hancock",32,17,60162,0.0002825703932715,32
1968,"Hardin",33,7,30794,0.000227317009807105,33
1968,"Harrison",34,6,16778,0.000357611157468113,34
1968,"Henry",35,5,26557,0.000188274277968144,35
1968,"Highland",36,9,28007,0.000321348234369979,36
1968,"Hocking",37,11,19712,0.000558035714285714,37
1968,"Holmes",38,3,21974,0.000136524984072085,38
1968,"Huron",39,11,48486,0.000226869611846719,39
1968,"Jackson",40,15,27442,0.000546607390131915,40
1968,"Jefferson",41,35,95132,0.000367909851574654,41
1968,"Knox",42,12,41702,0.000287755982926478,42
1968,"Lake",43,50,196022,0.000255073410127435,43
1968,"Lawrence",44,22,54932,0.000400495157649458,44
1968,"Licking",45,29,105189,0.000275694226582627,45
1968,"Logan",46,17,34195,0.000497148705951162,46
1968,"Lorain",47,66,254095,0.000259745370825872,47
1968,"Lucas",48,175,480010,0.000364575738005458,48
1968,"Madison",49,7,27669,0.00025299071162673,49
1968,"Mahoning",50,108,302985,0.00035645328976682,50
1968,"Marion",51,26,62708,0.000414620144160235,51
1968,"Medina",52,15,80291,0.000186820440647146,52
1968,"Meigs",53,11,19652,0.000559739466720944,53
1968,"Mercer",54,3,35530,8.44356881508584e-05,54
1968,"Miami",55,18,82795,0.000217404432634821,55
1968,"Monroe",56,4,15799,0.000253180581049433,56
1968,"Montgomery",57,172,616195,0.000279132417497708,57
1968,"Morgan",58,1,11380,8.78734622144113e-05,58
1968,"Morrow",59,4,19616,0.000203915171288744,59
1968,"Muskingum",60,28,76690,0.000365106272004173,60
1968,"Noble",61,4,10547,0.000379254764387978,61
1968,"Ottawa",62,10,36414,0.000274619651782282,62
1968,"Paulding",63,6,18765,0.000319744204636291,63
1968,"Perry",64,10,26807,0.000373036893348752,64
1968,"Pickaway",65,12,38371,0.000312736180970003,65
1968,"Pike",66,4,19284,0.000207425845260319,66
1968,"Portage",67,14,122135,0.000114627256724117,67
1968,"Preble",68,5,33389,0.000149749917637545,68
1968,"Putnam",69,5,30472,0.000164085061695983,69
1968,"Richland",70,36,131020,0.000274767211112807,70
1968,"Ross",71,18,61689,0.000291786217964305,71
1968,"Sandusky",72,16,61061,0.000262033048918295,72
1968,"Scioto",73,30,76218,0.000393607809178934,73
1968,"Seneca",74,17,60815,0.00027953629861054,74
1968,"Shelby",75,10,37966,0.000263393562661329,75
1968,"Stark",76,114,369341,0.000308657852770204,76
1968,"Summit",77,176,558916,0.000314895261541985,77
1968,"Trumbull",78,56,229248,0.00024427694025684,78
1968,"Tuscarawas",79,28,75772,0.000369529641556248,79
1968,"Union",80,8,22114,0.000361761779867957,80
1968,"Van Wert",81,7,29417,0.00023795764353945,81
1968,"Vinton",82,4,9471,0.00042234188575652,82
1968,"Warren",83,19,84068,0.000226007517723747,83
1968,"Washington",84,8,56029,0.000142783201556337,84
1968,"Wayne",85,16,85563,0.000186996715870178,85
1968,"Williams",86,5,33512,0.00014920028646455,86
1968,"Wood",87,12,86389,0.000138906573753603,87
1968,"Wyandot",88,5,21038,0.000237665177298222,88
1969,"Adams",1,5,18472,0.00027067994802945,89
1969,"Allen",2,33,110973,0.00029736963045065,90
1969,"Ashland",3,19,43382,0.000437969664837951,91
1969,"Ashtabula",4,24,96738,0.000248092786702227,92
1969,"Athens",5,9,55036,0.000163529326259176,93
1969,"Auglaize",6,10,38211,0.000261704744707022,94
1969,"Belmont",7,32,79435,0.000402845093472651,95
1969,"Brown",8,6,26010,0.000230680507497116,96
1969,"Butler",9,69,224522,0.000307319549977285,97
1969,"Carroll",10,9,21340,0.00042174320524836,98
1969,"Champaign",11,8,30190,0.000264988406757204,99
1969,"Clark",12,45,155326,0.00028971324826494,100
1969,"Clermont",13,29,93532,0.000310054312962409,101
1969,"Clinton",14,7,31381,0.00022306491188936,102
1969,"Columbiana",15,31,107602,0.000288098734224271,103
1969,"Coshocton",16,19,33278,0.000570947773303684,104
1969,"Crawford",17,19,49611,0.000382979581141279,105
1969,"Cuyahoga",18,586,1730679,0.000338595429886189,106
1969,"Darke",19,7,48463,0.000144440088314797,107
1969,"Defiance",20,6,36914,0.000162539957739611,108
1969,"Delaware",21,9,42455,0.000211989164998233,109
1969,"Erie",22,21,75050,0.00027981345769487,110
1969,"Fairfield",23,29,72102,0.000402207983135003,111
1969,"Fayette",24,3,25214,0.000118981518204172,112
1969,"Franklin",25,252,824708,0.000305562696130024,113
1969,"Fulton",26,7,32528,0.000215199212985735,114
1969,"Gallia",27,10,24746,0.000404105714054797,115
1969,"Geauga",28,13,62645,0.000207518556947881,116
1969,"Greene",29,30,123987,0.000241960850734351,117
1969,"Guernsey",30,15,36741,0.000408263248142402,118
1969,"Hamilton",31,358,928899,0.000385402503393803,119
1969,"Hancock",32,19,60742,0.000312798393204043,120
1969,"Hardin",33,11,30806,0.000357073297409596,121
1969,"Harrison",34,6,16866,0.000355745286374956,122
1969,"Henry",35,5,26778,0.000186720442154007,123
1969,"Highland",36,11,28582,0.000384857602687006,124
1969,"Hocking",37,12,20051,0.00059847389157648,125
1969,"Holmes",38,0,22526,0,126
1969,"Huron",39,11,49098,0.000224041712493381,127
1969,"Jackson",40,13,27270,0.000476714338100477,128
1969,"Jefferson",41,42,95580,0.000439422473320778,129
1969,"Knox",42,12,41732,0.000287549122975175,130
1969,"Lake",43,37,196237,0.000188547521619267,131
1969,"Lawrence",44,21,55961,0.000375261342720823,132
1969,"Licking",45,29,106588,0.00027207565579615,133
1969,"Logan",46,17,34713,0.000489730072307205,134
1969,"Lorain",47,82,255382,0.000321087625596166,135
1969,"Lucas",48,200,482047,0.000414897302545187,136
1969,"Madison",49,8,27991,0.000285806151977421,137
1969,"Mahoning",50,107,303589,0.000352450187589142,138
1969,"Marion",51,17,63804,0.00026644097548743,139
1969,"Medina",52,19,81405,0.000233400896750814,140
1969,"Meigs",53,8,19749,0.000405083801711479,141
1969,"Mercer",54,10,35511,0.000281602883613528,142
1969,"Miami",55,14,83533,0.000167598434151772,143
1969,"Monroe",56,5,15748,0.00031750063500127,144
1969,"Montgomery",57,178,611768,0.000290959971753998,145
1969,"Morgan",58,2,11983,0.000166903112743053,146
1969,"Morrow",59,3,20573,0.000145822194137948,147
1969,"Muskingum",60,22,77318,0.000284539175871078,148
1969,"Noble",61,2,10464,0.000191131498470948,149
1969,"Ottawa",62,10,36827,0.000271539902788715,150
1969,"Paulding",63,5,19004,0.000263102504735845,151
1969,"Perry",64,6,27106,0.000221353205932266,152
1969,"Pickaway",65,7,39330,0.000177981184846173,153
1969,"Pike",66,8,19169,0.000417340497678543,154
1969,"Portage",67,24,124095,0.000193400217575245,155
1969,"Preble",68,7,33972,0.000206052042858825,156
1969,"Putnam",69,2,30811,6.49118821200221e-05,157
1969,"Richland",70,36,130286,0.000276315183519334,158
1969,"Ross",71,17,61326,0.000277207057365555,159
1969,"Sandusky",72,20,61042,0.000327643262016317,160
1969,"Scioto",73,31,76584,0.000404784289146558,161
1969,"Seneca",74,16,60666,0.000263739161968813,162
1969,"Shelby",75,7,37854,0.000184921012310456,163
1969,"Stark",76,116,370699,0.000312922344004165,164
1969,"Summit",77,171,555650,0.000307747682893908,165
1969,"Trumbull",78,73,230886,0.000316173349618426,166
1969,"Tuscarawas",79,31,76508,0.000405186385737439,167
1969,"Union",80,8,22949,0.000348599067497494,168
1969,"Van Wert",81,5,29260,0.000170881749829118,169
1969,"Vinton",82,2,9469,0.000211215545464146,170
1969,"Warren",83,22,84664,0.00025985070395918,171
1969,"Washington",84,12,56608,0.000211984171848502,172
1969,"Wayne",85,12,86372,0.000138933913768351,173
1969,"Williams",86,5,33551,0.000149026854639206,174
1969,"Wood",87,15,88155,0.000170154840905224,175
1969,"Wyandot",88,6,21456,0.000279642058165548,176
1970,"Adams",1,9,19047,0.000472515356749094,177
1970,"Allen",2,39,110858,0.000351801403597395,178
1970,"Ashland",3,12,43100,0.000278422273781903,179
1970,"Ashtabula",4,25,98297,0.000254331261381324,180
1970,"Athens",5,12,55773,0.000215157872088645,181
1970,"Auglaize",6,8,38534,0.000207608864898531,182
1970,"Belmont",7,43,80883,0.000531632110579479,183
1970,"Brown",8,7,26744,0.0002617409512414,184
1970,"Butler",9,63,226090,0.000278650095094874,185
1970,"Carroll",10,6,21561,0.000278280228189787,186
1970,"Champaign",11,9,30537,0.000294724432655467,187
1970,"Clark",12,52,157125,0.000330946698488465,188
1970,"Clermont",13,27,95378,0.000283084149384554,189
1970,"Clinton",14,12,31380,0.000382409177820268,190
1970,"Columbiana",15,28,108289,0.000258567352177968,191
1970,"Coshocton",16,10,33378,0.000299598537959135,192
1970,"Crawford",17,27,50433,0.000535363749925644,193
1970,"Cuyahoga",18,666,1715252,0.000388281138864727,194
1970,"Darke",19,16,49122,0.000325719636822605,195
1970,"Defiance",20,12,36919,0.000325035889379452,196
1970,"Delaware",21,10,42871,0.000233257913274708,197
1970,"Erie",22,18,75950,0.000236998025016458,198
1970,"Fairfield",23,26,73424,0.000354107648725212,199
1970,"Fayette",24,12,25448,0.000471549827098397,200
1970,"Franklin",25,273,835544,0.000326733242055475,201
1970,"Fulton",26,5,33108,0.000151020901292739,202
1970,"Gallia",27,13,25371,0.000512396042725947,203
1970,"Geauga",28,17,62671,0.000271257838553717,204
1970,"Greene",29,27,124787,0.000216368692251597,205
1970,"Guernsey",30,19,37926,0.000500975584032062,206
1970,"Hamilton",31,378,923609,0.000409264093355522,207
1970,"Hancock",32,14,61141,0.000228978917583945,208
1970,"Hardin",33,14,30699,0.000456040913384801,209
1970,"Harrison",34,7,16929,0.000413491641561817,210
1970,"Henry",35,4,27105,0.000147574248293673,211
1970,"Highland",36,11,29073,0.000378357926598562,212
1970,"Hocking",37,13,20366,0.000638318766571737,213
1970,"Holmes",38,6,23134,0.00025935851992738,214
1970,"Huron",39,22,49586,0.000443673617553342,215
1970,"Jackson",40,13,27073,0.000480183208362575,216
1970,"Jefferson",41,38,95980,0.000395915815794957,217
1970,"Knox",42,12,41609,0.000288399144415872,218
1970,"Lake",43,48,196138,0.000244725652346817,219
1970,"Lawrence",44,25,56793,0.000440195094465867,220
1970,"Licking",45,29,107655,0.000269379034879941,221
1970,"Logan",46,17,35162,0.000483476480291224,222
1970,"Lorain",47,84,256212,0.000327853496323357,223
1970,"Lucas",48,189,483591,0.000390826131999975,224
1970,"Madison",49,9,28346,0.000317505115360192,225
1970,"Mahoning",50,120,303874,0.000394900517977846,226
1970,"Marion",51,15,64809,0.000231449335740406,227
1970,"Medina",52,18,82685,0.000217693656648727,228
1970,"Meigs",53,10,19719,0.000507125107764085,229
1970,"Mercer",54,13,35367,0.000367574292419487,230
1970,"Miami",55,18,84255,0.000213637172868079,231
1970,"Monroe",56,2,15681,0.000127542886295517,232
1970,"Montgomery",57,189,606214,0.000311771090736934,233
1970,"Morgan",58,7,12496,0.000560179257362356,234
1970,"Morrow",59,2,21548,9.28160386114721e-05,235
1970,"Muskingum",60,22,77772,0.000282878156663066,236
1970,"Noble",61,3,10350,0.000289855072463768,237
1970,"Ottawa",62,12,37066,0.000323746829978956,238
1970,"Paulding",63,8,19317,0.000414142982864834,239
1970,"Perry",64,12,27413,0.000437748513479006,240
1970,"Pickaway",65,10,40176,0.000248904818797292,241
1970,"Pike",66,2,19014,0.000105185652676975,242
1970,"Portage",67,25,125784,0.000198753418558799,243
1970,"Preble",68,8,34785,0.000229984188587035,244
1970,"Putnam",69,3,31163,9.62680101402304e-05,245
1970,"Richland",70,40,129412,0.00030909034710846,246
1970,"Ross",71,15,60936,0.000246159905474596,247
1970,"Sandusky",72,18,60751,0.000296291419071291,248
1970,"Scioto",73,37,76834,0.000481557643751464,249
1970,"Seneca",74,18,60482,0.000297609206044774,250
1970,"Shelby",75,6,37551,0.000159782695534074,251
1970,"Stark",76,112,371547,0.000301442347805257,252
1970,"Summit",77,163,551390,0.000295616532762654,253
1970,"Trumbull",78,77,232039,0.000331840768146734,254
1970,"Tuscarawas",79,38,77130,0.000492674705043433,255
1970,"Union",80,4,23982,0.000166791760487032,256
1970,"Van Wert",81,9,29099,0.000309288979002715,257
1970,"Vinton",82,4,9385,0.000426212040490144,258
1970,"Warren",83,23,85246,0.000269807380991483,259
1970,"Washington",84,17,57086,0.000297796307325789,260
1970,"Wayne",85,22,87013,0.000252835783158838,261
1970,"Williams",86,14,33609,0.000416555089410575,262
1970,"Wood",87,24,89993,0.000266687409020702,263
1970,"Wyandot",88,7,21829,0.00032067433231023,264
1971,"Adams",1,6,19914,0.000301295570955107,265
1971,"Allen",2,44,111528,0.000394519761853526,266
1971,"Ashland",3,12,43266,0.000277354042435168,267
1971,"Ashtabula",4,37,100613,0.000367745718744099,268
1971,"Athens",5,12,57317,0.000209361969398259,269
1971,"Auglaize",6,16,39222,0.000407934322574066,270
1971,"Belmont",7,29,83376,0.000347821915179428,271
1971,"Brown",8,5,27731,0.000180303631315135,272
1971,"Butler",9,84,229375,0.000366212534059946,273
1971,"Carroll",10,4,22083,0.000181134809582031,274
1971,"Champaign",11,8,30901,0.000258891298016245,275
1971,"Clark",12,53,159872,0.000331515212169736,276
1971,"Clermont",13,26,98168,0.00026485209029419,277
1971,"Clinton",14,13,31824,0.000408496732026144,278
1971,"Columbiana",15,32,109791,0.00029146287036278,279
1971,"Coshocton",16,8,33971,0.000235494981013217,280
1971,"Crawford",17,13,51731,0.000251299994200769,281
1971,"Cuyahoga",18,633,1706811,0.000370867073155727,282
1971,"Darke",19,14,50225,0.000278745644599303,283
1971,"Defiance",20,11,37178,0.000295873903921674,284
1971,"Delaware",21,9,43647,0.000206199738813664,285
1971,"Erie",22,21,77376,0.000271401985111663,286
1971,"Fairfield",23,25,75352,0.000331776197048519,287
1971,"Fayette",24,12,25947,0.000462481211700775,288
1971,"Franklin",25,262,851557,0.000307671711934727,289
1971,"Fulton",26,6,33988,0.000176532893962575,290
1971,"Gallia",27,5,26215,0.000190730497806599,291
1971,"Geauga",28,17,63064,0.000269567423569707,292
1971,"Greene",29,26,126846,0.000204972959336518,293
1971,"Guernsey",30,17,39320,0.0004323499491353,294
1971,"Hamilton",31,416,922527,0.00045093531137842,295
1971,"Hancock",32,10,62133,0.000160945069447797,296
1971,"Hardin",33,10,30879,0.000323844684089511,297
1971,"Harrison",34,8,17223,0.000464495151831853,298
1971,"Henry",35,7,27517,0.000254388196387688,299
1971,"Highland",36,10,29875,0.000334728033472803,300
1971,"Hocking",37,10,20863,0.000479317451948425,301
1971,"Holmes",38,3,24026,0.000124864729875968,302
1971,"Huron",39,21,50485,0.000415965138159849,303
1971,"Jackson",40,15,27200,0.000551470588235294,304
1971,"Jefferson",41,31,97126,0.000319173032967486,305
1971,"Knox",42,12,41923,0.000286239057319371,306
1971,"Lake",43,67,197805,0.000338717423725386,307
1971,"Lawrence",44,14,58434,0.000239586542081665,308
1971,"Licking",45,41,109934,0.000372951043353285,309
1971,"Logan",46,16,35867,0.000446092508433936,310
1971,"Lorain",47,61,259142,0.000235392178805443,311
1971,"Lucas",48,186,487670,0.000381405458609305,312
1971,"Madison",49,6,28971,0.000207103655379517,313
1971,"Mahoning",50,98,306113,0.000320143215087239,314
1971,"Marion",51,29,66303,0.00043738594030436,315
1971,"Medina",52,19,84298,0.000225390875228357,316
1971,"Meigs",53,8,19937,0.000401263981541857,317
1971,"Mercer",54,9,35624,0.000252638670559174,318
1971,"Miami",55,26,85594,0.00030375960931841,319
1971,"Monroe",56,4,15618,0.000256114739403253,320
1971,"Montgomery",57,184,603843,0.000304714967301103,321
1971,"Morgan",58,6,13196,0.00045468323734465,322
1971,"Morrow",59,4,22751,0.000175816447628676,323
1971,"Muskingum",60,30,78926,0.000380102881179839,324
1971,"Noble",61,3,10348,0.000289911093931194,325
1971,"Ottawa",62,8,37686,0.000212280422438041,326
1971,"Paulding",63,3,19786,0.00015162235924391,327
1971,"Perry",64,15,28032,0.000535102739726027,328
1971,"Pickaway",65,8,41444,0.000193031560660168,329
1971,"Pike",66,5,19021,0.000262867357131591,330
1971,"Portage",67,26,128741,0.000201955864875991,331
1971,"Preble",68,8,35796,0.000223488657950609,332
1971,"Putnam",69,3,31734,9.4535829079221e-05,333
1971,"Richland",70,35,129342,0.000270600423682949,334
1971,"Ross",71,26,60935,0.000426684171658324,335
1971,"Sandusky",72,14,61114,0.000229080079850771,336
1971,"Scioto",73,39,77827,0.000501111439474732,337
1971,"Seneca",74,16,60765,0.000263309470912532,338
1971,"Shelby",75,13,37595,0.000345790663652081,339
1971,"Stark",76,135,374615,0.000360369979845975,340
1971,"Summit",77,180,550136,0.000327191821658644,341
1971,"Trumbull",78,76,235130,0.000323225449751201,342
1971,"Tuscarawas",79,29,78383,0.00036997818404501,343
1971,"Union",80,8,25243,0.000316919542051262,344
1971,"Van Wert",81,13,29106,0.000446643303786161,345
1971,"Vinton",82,6,9377,0.000639863495787565,346
1971,"Warren",83,24,86500,0.000277456647398844,347
1971,"Washington",84,26,58036,0.000447997794472396,348
1971,"Wayne",85,18,88415,0.000203585364474354,349
1971,"Williams",86,14,33802,0.000414176675936335,350
1971,"Wood",87,17,92655,0.000183476336948896,351
1971,"Wyandot",88,6,22495,0.000266725939097577,352
1972,"Adams",1,10,20714,0.000482765279521097,353
1972,"Allen",2,36,110604,0.000325485515894543,354
1972,"Ashland",3,12,43917,0.000273242707835235,355
1972,"Ashtabula",4,44,100778,0.000436603226894759,356
1972,"Athens",5,28,57450,0.000487380330722367,357
1972,"Auglaize",6,6,39509,0.000151864132223038,358
1972,"Belmont",7,32,83129,0.000384943882399644,359
1972,"Brown",8,10,28859,0.00034651235316539,360
1972,"Butler",9,102,232626,0.000438472053854685,361
1972,"Carroll",10,6,22504,0.000266619267685745,362
1972,"Champaign",11,14,30997,0.000451656611930187,363
1972,"Clark",12,68,157732,0.000431110998402353,364
1972,"Clermont",13,16,99395,0.000160973892046884,365
1972,"Clinton",14,24,31982,0.000750422112438246,366
1972,"Columbiana",15,24,110490,0.000217214227531903,367
1972,"Coshocton",16,22,34908,0.000630228027959207,368
1972,"Crawford",17,18,51451,0.000349847427649608,369
1972,"Cuyahoga",18,680,1668472,0.00040755853259749,370
1972,"Darke",19,18,51198,0.000351576233446619,371
1972,"Defiance",20,16,37203,0.000430072843587883,372
1972,"Delaware",21,16,44359,0.000360693433125183,373
1972,"Erie",22,26,77659,0.000334796997128472,374
1972,"Fairfield",23,36,76642,0.000469716343519219,375
1972,"Fayette",24,10,26785,0.000373343289154377,376
1972,"Franklin",25,302,857183,0.000352316833161647,377
1972,"Fulton",26,16,35256,0.00045382346267302,378
1972,"Gallia",27,4,26741,0.000149583037283572,379
1972,"Geauga",28,8,63384,0.000126214817619589,380
1972,"Greene",29,34,125758,0.000270360533723501,381
1972,"Guernsey",30,14,39642,0.000353160789062106,382
1972,"Hamilton",31,452,913285,0.000494916701796263,383
1972,"Hancock",32,10,62665,0.000159578712199793,384
1972,"Hardin",33,14,32177,0.000435093389688287,385
1972,"Harrison",34,12,17439,0.000688112850507483,386
1972,"Henry",35,0,28233,0,387
1972,"Highland",36,16,30024,0.000532907007727152,388
1972,"Hocking",37,12,21549,0.000556870388417096,389
1972,"Holmes",38,0,25172,0,390
1972,"Huron",39,18,51517,0.000349399227439486,391
1972,"Jackson",40,10,27726,0.00036067229315444,392
1972,"Jefferson",41,48,96338,0.000498245759720982,393
1972,"Knox",42,10,42891,0.000233149145508382,394
1972,"Lake",43,66,197928,0.000333454589547714,395
1972,"Lawrence",44,30,60359,0.000497026127006743,396
1972,"Licking",45,44,110677,0.000397553240510675,397
1972,"Logan",46,12,36462,0.000329109758104328,398
1972,"Lorain",47,72,260568,0.000276319425255595,399
1972,"Lucas",48,194,488593,0.000397058492446679,400
1972,"Madison",49,16,29390,0.000544402858115005,401
1972,"Mahoning",50,104,303854,0.000342269642657329,402
1972,"Marion",51,18,66508,0.000270644133036627,403
1972,"Medina",52,22,85075,0.000258595357037908,404
1972,"Meigs",53,12,20261,0.000592270865209022,405
1972,"Mercer",54,6,36607,0.000163903078646161,406
1972,"Miami",55,32,86753,0.000368863324611253,407
1972,"Monroe",56,2,15406,0.000129819550824354,408
1972,"Montgomery",57,192,601187,0.000319368183277416,409
1972,"Morgan",58,6,13530,0.000443458980044346,410
1972,"Morrow",59,6,23510,0.00025521054870268,411
1972,"Muskingum",60,18,80812,0.000222739197148938,412
1972,"Noble",61,10,10658,0.000938262338149747,413
1972,"Ottawa",62,10,38712,0.000258317834263278,414
1972,"Paulding",63,2,19878,0.000100613743837408,415
1972,"Perry",64,10,27846,0.00035911800617683,416
1972,"Pickaway",65,14,42184,0.000331879385549023,417
1972,"Pike",66,6,20268,0.00029603315571344,418
1972,"Portage",67,28,129497,0.000216221225202128,419
1972,"Preble",68,16,36079,0.000443471271376701,420
1972,"Putnam",69,4,32625,0.000122605363984674,421
1972,"Richland",70,30,130801,0.000229356044678558,422
1972,"Ross",71,22,61767,0.000356177246749883,423
1972,"Sandusky",72,14,62694,0.000223306855520464,424
1972,"Scioto",73,50,79969,0.000625242281384036,425
1972,"Seneca",74,20,61615,0.000324596283372555,426
1972,"Shelby",75,4,38710,0.000103332472229398,427
1972,"Stark",76,132,371864,0.000354968483101349,428
1972,"Summit",77,194,547161,0.000354557433735226,429
1972,"Trumbull",78,68,246895,0.000275420725409587,430
1972,"Tuscarawas",79,16,78760,0.000203148806500762,431
1972,"Union",80,2,24977,8.00736677743524e-05,432
1972,"Van Wert",81,10,29951,0.00033387866849187,433
1972,"Vinton",82,0,10088,0,434
1972,"Warren",83,30,86536,0.000346676527687899,435
1972,"Washington",84,16,58688,0.000272628135223555,436
1972,"Wayne",85,18,89566,0.000200969117745573,437
1972,"Williams",86,10,34686,0.000288300755347979,438
1972,"Wood",87,30,94642,0.000316984002873988,439
1972,"Wyandot",88,2,22840,8.75656742556918e-05,440
1973,"Adams",1,7,21891,0.000319766113928098,441
1973,"Allen",2,38,110273,0.000344599312615055,442
1973,"Ashland",3,11,44258,0.000248542636359528,443
1973,"Ashtabula",4,29,100428,0.000288764089696101,444
1973,"Athens",5,23,56099,0.000409989482878483,445
1973,"Auglaize",6,15,40370,0.000371563041862769,446
1973,"Belmont",7,33,82704,0.000399013348810215,447
1973,"Brown",8,10,29254,0.000341833595405756,448
1973,"Butler",9,82,237052,0.000345915664073705,449
1973,"Carroll",10,6,23325,0.000257234726688103,450
1973,"Champaign",11,17,30738,0.000553061357277637,451
1973,"Clark",12,64,157298,0.000406871034596753,452
1973,"Clermont",13,36,102780,0.000350262697022767,453
1973,"Clinton",14,11,32506,0.000338399064788039,454
1973,"Columbiana",15,46,111559,0.000412337866061904,455
1973,"Coshocton",16,14,35141,0.000398395037136109,456
1973,"Crawford",17,18,51823,0.000347336124886633,457
1973,"Cuyahoga",18,688,1641974,0.000419007852743101,458
1973,"Darke",19,6,52299,0.000114724946939712,459
1973,"Defiance",20,4,37463,0.000106772015054854,460
1973,"Delaware",21,17,47356,0.000358983022214714,461
1973,"Erie",22,19,78171,0.000243056888104284,462
1973,"Fairfield",23,25,79307,0.00031523068581588,463
1973,"Fayette",24,17,26606,0.000638953619484327,464
1973,"Franklin",25,267,860867,0.000310152439343127,465
1973,"Fulton",26,5,35318,0.000141570870377711,466
1973,"Gallia",27,11,26955,0.000408087553329623,467
1973,"Geauga",28,16,65804,0.000243146313294025,468
1973,"Greene",29,27,126601,0.000213268457595122,469
1973,"Guernsey",30,22,39869,0.000551807168476761,470
1973,"Hamilton",31,418,911646,0.000458511308117405,471
1973,"Hancock",32,23,63442,0.000362535859525236,472
1973,"Hardin",33,4,32534,0.000122948300239749,473
1973,"Harrison",34,6,17731,0.000338390389712932,474
1973,"Henry",35,8,28520,0.000280504908835905,475
1973,"Highland",36,13,30833,0.000421626179742484,476
1973,"Hocking",37,12,21440,0.000559701492537313,477
1973,"Holmes",38,7,25797,0.000271349381711052,478
1973,"Huron",39,14,52245,0.000267968226624557,479
1973,"Jackson",40,14,28769,0.00048663491953144,480
1973,"Jefferson",41,36,95851,0.000375582936015274,481
1973,"Knox",42,7,43217,0.000161973297544948,482
1973,"Lake",43,73,201388,0.000362484358551652,483
1973,"Lawrence",44,31,59993,0.000516726951477672,484
1973,"Licking",45,39,110830,0.000351890282414509,485
1973,"Logan",46,10,37091,0.000269607182335337,486
1973,"Lorain",47,74,264778,0.000279479412942163,487
1973,"Lucas",48,208,488564,0.000425737467353305,488
1973,"Madison",49,7,28296,0.000247384789369522,489
1973,"Mahoning",50,98,302497,0.000323970155075918,490
1973,"Marion",51,21,66539,0.000315604382392281,491
1973,"Medina",52,16,90028,0.000177722486337584,492
1973,"Meigs",53,10,21026,0.000475601636069628,493
1973,"Mercer",54,9,37356,0.00024092515258593,494
1973,"Miami",55,27,87900,0.000307167235494881,495
1973,"Monroe",56,4,16028,0.000249563264287497,496
1973,"Montgomery",57,249,591799,0.000420750964432181,497
1973,"Morgan",58,1,13451,7.43439149505613e-05,498
1973,"Morrow",59,6,24438,0.000245519273262951,499
1973,"Muskingum",60,41,80942,0.000506535543969756,500
1973,"Noble",61,4,10692,0.000374111485222596,501
1973,"Ottawa",62,13,38490,0.000337750064951936,502
1973,"Paulding",63,5,20242,0.000247011164904654,503
1973,"Perry",64,16,30078,0.000531950262650442,504
1973,"Pickaway",65,10,43147,0.000231765823811621,505
1973,"Pike",66,8,20361,0.000392908010412062,506
1973,"Portage",67,27,131179,0.000205825627577585,507
1973,"Preble",68,7,35673,0.000196226838224988,508
1973,"Putnam",69,6,32671,0.000183649107771418,509
1973,"Richland",70,49,130943,0.000374208625126964,510
1973,"Ross",71,20,61980,0.000322684737011939,511
1973,"Sandusky",72,22,63460,0.00034667507091081,512
1973,"Scioto",73,30,79601,0.000376879687441113,513
1973,"Seneca",74,15,62652,0.000239417736065888,514
1973,"Shelby",75,9,40061,0.00022465739746886,515
1973,"Stark",76,126,381185,0.000330548159030392,516
1973,"Summit",77,199,544675,0.000365355487217148,517
1973,"Trumbull",78,79,237291,0.000332924552553616,518
1973,"Tuscarawas",79,43,80412,0.000534746057802318,519
1973,"Union",80,6,25975,0.000230991337824832,520
1973,"Van Wert",81,11,30246,0.000363684454142697,521
1973,"Vinton",82,4,10313,0.000387859982546301,522
1973,"Warren",83,13,88098,0.000147562941269949,523
1973,"Washington",84,20,59286,0.000337347771817967,524
1973,"Wayne",85,23,90712,0.000253549695740365,525
1973,"Williams",86,10,34990,0.000285795941697628,526
1973,"Wood",87,26,97650,0.000266257040450589,527
1973,"Wyandot",88,5,22817,0.00021913485559013,528
1974,"Adams",1,12,22558,0.000531962053373526,529
1974,"Allen",2,41,110676,0.000370450684881998,530
1974,"Ashland",3,12,44197,0.000271511641061611,531
1974,"Ashtabula",4,37,101077,0.00036605756007796,532
1974,"Athens",5,11,54052,0.000203507733293865,533
1974,"Auglaize",6,12,40907,0.000293348326692253,534
1974,"Belmont",7,61,82211,0.000741993163931834,535
1974,"Brown",8,11,29486,0.000373058400596893,536
1974,"Butler",9,78,239350,0.000325882598704826,537
1974,"Carroll",10,5,24013,0.000208220547203598,538
1974,"Champaign",11,12,32325,0.00037122969837587,539
1974,"Clark",12,53,155839,0.000340094584795847,540
1974,"Clermont",13,33,104895,0.000314600314600315,541
1974,"Clinton",14,11,33013,0.000333202071911065,542
1974,"Columbiana",15,31,111782,0.000277325508579199,543
1974,"Coshocton",16,12,35122,0.000341666192130289,544
1974,"Crawford",17,13,51466,0.000252593945517429,545
1974,"Cuyahoga",18,701,1616282,0.000433711443918821,546
1974,"Darke",19,14,53876,0.000259855965550523,547
1974,"Defiance",20,8,37788,0.000211707420345083,548
1974,"Delaware",21,16,49587,0.000322665214673201,549
1974,"Erie",22,25,78071,0.000320221336988126,550
1974,"Fairfield",23,37,81766,0.000452510823569699,551
1974,"Fayette",24,12,26702,0.000449404538985844,552
1974,"Franklin",25,301,864836,0.00034804286593065,553
1974,"Fulton",26,4,35979,0.000111175963756636,554
1974,"Gallia",27,13,27282,0.000476504655083938,555
1974,"Geauga",28,12,66105,0.000181529385069208,556
1974,"Greene",29,27,125865,0.000214515552377547,557
1974,"Guernsey",30,15,40384,0.000371434231378764,558
1974,"Hamilton",31,467,905183,0.000515917775742585,559
1974,"Hancock",32,20,63896,0.000313008639038437,560
1974,"Hardin",33,16,32101,0.000498426840285349,561
1974,"Harrison",34,4,17832,0.000224315836698071,562
1974,"Henry",35,6,28483,0.000210651967840466,563
1974,"Highland",36,15,31445,0.000477023374145333,564
1974,"Hocking",37,5,22153,0.000225703065047623,565
1974,"Holmes",38,3,26675,0.000112464854732896,566
1974,"Huron",39,9,52575,0.000171184022824536,567
1974,"Jackson",40,11,28835,0.000381480839257846,568
1974,"Jefferson",41,41,94330,0.00043464433372204,569
1974,"Knox",42,18,43771,0.00041123118046195,570
1974,"Lake",43,64,203651,0.000314263126623488,571
1974,"Lawrence",44,28,60103,0.000465866928439512,572
1974,"Licking",45,42,112351,0.000373828448344919,573
1974,"Logan",46,18,37218,0.00048363694986297,574
1974,"Lorain",47,72,268253,0.00026840333565701,575
1974,"Lucas",48,219,486349,0.000450293924733062,576
1974,"Madison",49,8,30829,0.000259495929157611,577
1974,"Mahoning",50,136,306291,0.000444022188049926,578
1974,"Marion",51,27,67540,0.000399763103346165,579
1974,"Medina",52,25,92976,0.00026888659438995,580
1974,"Meigs",53,7,21288,0.000328823750469748,581
1974,"Mercer",54,15,37647,0.000398438122559566,582
1974,"Miami",55,32,87887,0.000364103906152218,583
1974,"Monroe",56,6,15881,0.000377809961589321,584
1974,"Montgomery",57,243,585166,0.000415266778999463,585
1974,"Morgan",58,4,13310,0.000300525920360631,586
1974,"Morrow",59,5,25250,0.000198019801980198,587
1974,"Muskingum",60,39,80406,0.000485038429967913,588
1974,"Noble",61,4,10751,0.000372058413170868,589
1974,"Ottawa",62,12,39107,0.000306850435983328,590
1974,"Paulding",63,4,20427,0.000195819258824105,591
1974,"Perry",64,15,28961,0.000517937916508408,592
1974,"Pickaway",65,9,43554,0.000206640033062405,593
1974,"Pike",66,6,20465,0.000293183483997068,594
1974,"Portage",67,41,132611,0.000309174955320449,595
1974,"Preble",68,9,35503,0.000253499704250345,596
1974,"Putnam",69,6,32577,0.000184179022009393,597
1974,"Richland",70,45,130470,0.000344906875143711,598
1974,"Ross",71,19,61616,0.000308361464554661,599
1974,"Sandusky",72,17,63012,0.000269789881292452,600
1974,"Scioto",73,31,80116,0.000386938938539118,601
1974,"Seneca",74,22,62502,0.000351988736360436,602
1974,"Shelby",75,10,41079,0.000243433384454344,603
1974,"Stark",76,155,382326,0.000405413181421091,604
1974,"Summit",77,200,537697,0.000371956696801358,605
1974,"Trumbull",78,87,240477,0.000361780960341322,606
1974,"Tuscarawas",79,33,80918,0.000407820262487951,607
1974,"Union",80,11,28251,0.000389366748079714,608
1974,"Van Wert",81,12,29746,0.000403415585288778,609
1974,"Vinton",82,8,10333,0.000774218523178167,610
1974,"Warren",83,24,88477,0.000271256936831041,611
1974,"Washington",84,10,59838,0.000167117884956048,612
1974,"Wayne",85,20,91174,0.000219360782679273,613
1974,"Williams",86,11,35331,0.0003113413149925,614
1974,"Wood",87,26,101014,0.000257390064743501,615
1974,"Wyandot",88,6,23148,0.000259201658890617,616
1975,"Adams",1,12,22273,0.000538768913033718,617
1975,"Allen",2,35,110817,0.000315836017939486,618
1975,"Ashland",3,18,44818,0.000401624347360436,619
1975,"Ashtabula",4,26,101935,0.000255064501888458,620
1975,"Athens",5,20,52233,0.000382899699423736,621
1975,"Auglaize",6,12,42454,0.000282658877844255,622
1975,"Belmont",7,38,82801,0.00045893165541479,623
1975,"Brown",8,10,30048,0.000332800851970181,624
1975,"Butler",9,103,240620,0.000428060842822708,625
1975,"Carroll",10,6,24330,0.000246609124537608,626
1975,"Champaign",11,15,32318,0.000464137632279225,627
1975,"Clark",12,75,154520,0.000485374061610148,628
1975,"Clermont",13,36,109615,0.000328422204990193,629
1975,"Clinton",14,11,33281,0.000330518914696073,630
1975,"Columbiana",15,43,112298,0.000382909757965413,631
1975,"Coshocton",16,14,35741,0.000391707003161635,632
1975,"Crawford",17,24,51174,0.000468988158049009,633
1975,"Cuyahoga",18,728,1595198,0.000456369679500601,634
1975,"Darke",19,25,54269,0.000460668153089241,635
1975,"Defiance",20,4,38126,0.000104915280910665,636
1975,"Delaware",21,17,49367,0.000344359592440294,637
1975,"Erie",22,28,78392,0.000357179304010613,638
1975,"Fairfield",23,28,84076,0.000333032018649793,639
1975,"Fayette",24,7,26641,0.000262752899665928,640
1975,"Franklin",25,328,867442,0.000378123263572665,641
1975,"Fulton",26,14,35889,0.000390091671542813,642
1975,"Gallia",27,13,28853,0.000450559733823173,643
1975,"Geauga",28,14,67732,0.00020669698222406,644
1975,"Greene",29,26,125767,0.000206731495543346,645
1975,"Guernsey",30,19,40557,0.000468476465221787,646
1975,"Hamilton",31,430,892969,0.000481539672709803,647
1975,"Hancock",32,15,63888,0.000234785875281743,648
1975,"Hardin",33,12,32064,0.000374251497005988,649
1975,"Harrison",34,14,17685,0.000791631325982471,650
1975,"Henry",35,11,28408,0.000387214869050972,651
1975,"Highland",36,16,31322,0.000510823063661324,652
1975,"Hocking",37,11,22322,0.000492787384642953,653
1975,"Holmes",38,3,27350,0.000109689213893967,654
1975,"Huron",39,19,53732,0.000353606789250354,655
1975,"Jackson",40,14,29443,0.00047549502428421,656
1975,"Jefferson",41,45,94755,0.000474908975779642,657
1975,"Knox",42,19,44454,0.00042740810725694,658
1975,"Lake",43,62,209085,0.000296530119329459,659
1975,"Lawrence",44,45,59133,0.000760996397950383,660
1975,"Licking",45,52,115493,0.000450243737715706,661
1975,"Logan",46,17,38131,0.000445831475702185,662
1975,"Lorain",47,97,268486,0.000361285132185663,663
1975,"Lucas",48,249,484940,0.000513465583371139,664
1975,"Madison",49,5,32344,0.000154588177096216,665
1975,"Mahoning",50,139,289591,0.000479987292422762,666
1975,"Marion",51,33,67843,0.000486417169052076,667
1975,"Medina",52,24,96819,0.000247885229138909,668
1975,"Meigs",53,14,21537,0.000650044110136045,669
1975,"Mercer",54,21,37978,0.000552951708884091,670
1975,"Miami",55,39,88455,0.000440902153637443,671
1975,"Monroe",56,8,15839,0.000505082391565124,672
1975,"Montgomery",57,268,583121,0.000459595864323185,673
1975,"Morgan",58,5,13448,0.00037180249851279,674
1975,"Morrow",59,8,25974,0.000308000308000308,675
1975,"Muskingum",60,34,81894,0.000415170830585879,676
1975,"Noble",61,5,11134,0.00044907490569427,677
1975,"Ottawa",62,24,40023,0.000599655198261,678
1975,"Paulding",63,3,20807,0.000144182246359398,679
1975,"Perry",64,12,30410,0.000394607037158829,680
1975,"Pickaway",65,13,44317,0.000293341155764154,681
1975,"Pike",66,5,21126,0.000236675186973398,682
1975,"Portage",67,34,132523,0.000256559238773647,683
1975,"Preble",68,12,36175,0.000331720801658604,684
1975,"Putnam",69,8,33279,0.000240391838697076,685
1975,"Richland",70,48,130963,0.000366515733451433,686
1975,"Ross",71,18,62465,0.000288161370367406,687
1975,"Sandusky",72,17,63866,0.00026618231923089,688
1975,"Scioto",73,40,81275,0.000492156259612427,689
1975,"Seneca",74,25,62259,0.000401548370516712,690
1975,"Shelby",75,11,41667,0.000263997888016896,691
1975,"Stark",76,157,377968,0.000415379079710452,692
1975,"Summit",77,225,540074,0.000416609575724808,693
1975,"Trumbull",78,75,243923,0.000307474079935061,694
1975,"Tuscarawas",79,47,81885,0.000573975697624718,695
1975,"Union",80,11,27682,0.00039737013221588,696
1975,"Van Wert",81,18,29656,0.000606959805772862,697
1975,"Vinton",82,4,10425,0.000383693045563549,698
1975,"Warren",83,29,88513,0.0003276354885723,699
1975,"Washington",84,20,61101,0.000327326884993699,700
1975,"Wayne",85,31,94728,0.000327252765813698,701
1975,"Williams",86,9,35238,0.000255406095692151,702
1975,"Wood",87,32,99552,0.000321440051430408,703
1975,"Wyandot",88,9,23259,0.000386946988262608,704
1976,"Adams",1,10,23193,0.000431164575518475,705
1976,"Allen",2,54,109791,0.000491843593737192,706
1976,"Ashland",3,15,44494,0.000337124106621117,707
1976,"Ashtabula",4,40,101116,0.000395585268404605,708
1976,"Athens",5,25,51508,0.000485361497243147,709
1976,"Auglaize",6,20,41319,0.000484038819913357,710
1976,"Belmont",7,39,83259,0.000468417828703203,711
1976,"Brown",8,14,30025,0.000466278101582015,712
1976,"Butler",9,105,241318,0.00043511051807159,713
1976,"Carroll",10,7,24722,0.000283148612571798,714
1976,"Champaign",11,13,32873,0.000395461320840812,715
1976,"Clark",12,76,151657,0.000501130841306369,716
1976,"Clermont",13,33,111781,0.000295220117909126,717
1976,"Clinton",14,11,33537,0.00032799594477741,718
1976,"Columbiana",15,49,112805,0.000434377908780639,719
1976,"Coshocton",16,13,35328,0.000367980072463768,720
1976,"Crawford",17,25,51186,0.000488414800922127,721
1976,"Cuyahoga",18,760,1578170,0.00048157042650665,722
1976,"Darke",19,16,55189,0.000289912844950987,723
1976,"Defiance",20,9,38396,0.000234399416605896,724
1976,"Delaware",21,15,49834,0.00030099931773488,725
1976,"Erie",22,40,78246,0.00051120824067684,726
1976,"Fairfield",23,36,85472,0.000421190565331337,727
1976,"Fayette",24,11,26974,0.000407800103803663,728
1976,"Franklin",25,338,868966,0.0003889680378749,729
1976,"Fulton",26,12,36503,0.000328740103553133,730
1976,"Gallia",27,13,28709,0.00045281967327319,731
1976,"Geauga",28,15,67838,0.00022111500928683,732
1976,"Greene",29,37,127975,0.000289118968548545,733
1976,"Guernsey",30,20,40304,0.000496228662167527,734
1976,"Hamilton",31,492,894106,0.000550270325889771,735
1976,"Hancock",32,24,63869,0.000375769152483991,736
1976,"Hardin",33,17,32422,0.000524335327863796,737
1976,"Harrison",34,6,17561,0.000341666192130289,738
1976,"Henry",35,11,28346,0.000388061807662457,739
1976,"Highland",36,20,32808,0.00060960741282614,740
1976,"Hocking",37,6,22904,0.000261962975899406,741
1976,"Holmes",38,9,27875,0.000322869955156951,742
1976,"Huron",39,15,53452,0.000280625608022151,743
1976,"Jackson",40,22,30149,0.000729709111413314,744
1976,"Jefferson",41,53,93747,0.00056535142457892,745
1976,"Knox",42,20,44382,0.000450633139561083,746
1976,"Lake",43,62,209714,0.000295640729755763,747
1976,"Lawrence",44,15,61393,0.00024432752919714,748
1976,"Licking",45,50,115142,0.000434246408782199,749
1976,"Logan",46,23,38207,0.0006019839296464,750
1976,"Lorain",47,93,265032,0.000350901023272661,751
1976,"Lucas",48,246,477884,0.000514769274551983,752
1976,"Madison",49,10,32077,0.00031174985191882,753
1976,"Mahoning",50,144,297632,0.000483818944199548,754
1976,"Marion",51,26,67342,0.000386088919248018,755
1976,"Medina",52,25,99093,0.000252288254468025,756
1976,"Meigs",53,12,21899,0.000547970226951002,757
1976,"Mercer",54,11,37789,0.000291089999735373,758
1976,"Miami",55,40,88480,0.000452079566003617,759
1976,"Monroe",56,6,15955,0.000376057662174867,760
1976,"Montgomery",57,266,577371,0.000460708972220635,761
1976,"Morgan",58,8,13540,0.000590841949778434,762
1976,"Morrow",59,9,25878,0.000347785763969395,763
1976,"Muskingum",60,42,82021,0.000512063983613953,764
1976,"Noble",61,5,11172,0.000447547440028643,765
1976,"Ottawa",62,19,39068,0.000486331524521347,766
1976,"Paulding",63,5,20602,0.000242694883991845,767
1976,"Perry",64,15,29765,0.000503947589450697,768
1976,"Pickaway",65,14,43964,0.00031844236193249,769
1976,"Pike",66,11,21394,0.000514162849397027,770
1976,"Portage",67,35,133569,0.000262036849867859,771
1976,"Preble",68,12,36532,0.00032847914157451,772
1976,"Putnam",69,15,33759,0.000444325957522438,773
1976,"Richland",70,54,131303,0.000411262499714401,774
1976,"Ross",71,17,62384,0.000272505770710439,775
1976,"Sandusky",72,19,63485,0.000299283295266598,776
1976,"Scioto",73,38,85006,0.000447027268663388,777
1976,"Seneca",74,29,61934,0.000468240384925889,778
1976,"Shelby",75,18,41542,0.000433296422897309,779
1976,"Stark",76,179,375740,0.000476393250652047,780
1976,"Summit",77,206,534232,0.000385600263555908,781
1976,"Trumbull",78,94,239970,0.000391715631120557,782
1976,"Tuscarawas",79,30,82672,0.000362879814205535,783
1976,"Union",80,8,28294,0.000282745458401074,784
1976,"Van Wert",81,11,29557,0.000372162262746558,785
1976,"Vinton",82,3,10416,0.000288018433179724,786
1976,"Warren",83,29,91149,0.000318160374770979,787
1976,"Washington",84,23,60848,0.000377991059689719,788
1976,"Wayne",85,22,94097,0.000233801290158028,789
1976,"Williams",86,15,35323,0.000424652492710132,790
1976,"Wood",87,25,100495,0.00024876859545251,791
1976,"Wyandot",88,4,23065,0.000173422935183178,792
1977,"Adams",1,7,23562,0.00029708853238265,793
1977,"Allen",2,63,110487,0.000570202829292134,794
1977,"Ashland",3,15,44708,0.00033551042319048,795
1977,"Ashtabula",4,41,101545,0.000403761878969915,796
1977,"Athens",5,18,53994,0.000333370374486054,797
1977,"Auglaize",6,18,41524,0.000433484250072247,798
1977,"Belmont",7,46,82514,0.00055748115471314,799
1977,"Brown",8,11,30597,0.000359512370493839,800
1977,"Butler",9,104,246005,0.000422755635048068,801
1977,"Carroll",10,10,25171,0.000397282587104207,802
1977,"Champaign",11,16,33181,0.000482203670775444,803
1977,"Clark",12,71,150800,0.000470822281167109,804
1977,"Clermont",13,44,115394,0.000381302320744579,805
1977,"Clinton",14,14,33992,0.000411861614497529,806
1977,"Columbiana",15,53,113792,0.00046576209223847,807
1977,"Coshocton",16,15,35299,0.000424941216465056,808
1977,"Crawford",17,17,50859,0.000334257456890619,809
1977,"Cuyahoga",18,786,1558647,0.000504283522824604,810
1977,"Darke",19,25,55031,0.000454289400519707,811
1977,"Defiance",20,12,38898,0.000308499151627333,812
1977,"Delaware",21,12,50816,0.000236146095717884,813
1977,"Erie",22,34,78439,0.000433457846224455,814
1977,"Fairfield",23,36,86447,0.000416440130947286,815
1977,"Fayette",24,10,27131,0.000368582064796727,816
1977,"Franklin",25,350,875089,0.000399959318423612,817
1977,"Fulton",26,2,37131,5.38633486843877e-05,818
1977,"Gallia",27,12,30130,0.000398274145370063,819
1977,"Geauga",28,24,70373,0.000341039887456837,820
1977,"Greene",29,46,128552,0.000357831850146244,821
1977,"Guernsey",30,20,40228,0.000497166152928309,822
1977,"Hamilton",31,536,890008,0.000602241777601999,823
1977,"Hancock",32,14,64064,0.000218531468531469,824
1977,"Hardin",33,24,32353,0.000741816833060304,825
1977,"Harrison",34,7,17331,0.000403900525070683,826
1977,"Henry",35,10,28420,0.000351864883884588,827
1977,"Highland",36,17,33287,0.000510709886742572,828
1977,"Hocking",37,10,23188,0.000431257547007073,829
1977,"Holmes",38,5,28698,0.000174228169210398,830
1977,"Huron",39,16,53928,0.000296691885476932,831
1977,"Jackson",40,18,30078,0.000598444045481747,832
1977,"Jefferson",41,56,93223,0.000600710125183699,833
1977,"Knox",42,18,45221,0.000398045156011588,834
1977,"Lake",43,75,209768,0.000357537851340529,835
1977,"Lawrence",44,37,61949,0.000597265492582608,836
1977,"Licking",45,55,116310,0.000472874215458688,837
1977,"Logan",46,23,38386,0.000599176783202209,838
1977,"Lorain",47,91,270737,0.000336119555140228,839
1977,"Lucas",48,205,474495,0.000432038272268412,840
1977,"Madison",49,20,31969,0.000625606055866621,841
1977,"Mahoning",50,138,297033,0.000464594842997243,842
1977,"Marion",51,37,66949,0.000552659487072249,843
1977,"Medina",52,32,103102,0.000310372252720607,844
1977,"Meigs",53,10,22138,0.000451711988436173,845
1977,"Mercer",54,11,38249,0.000287589218018772,846
1977,"Miami",55,58,88980,0.000651831872330861,847
1977,"Monroe",56,1,16279,6.14288346950058e-05,848
1977,"Montgomery",57,276,571005,0.000483358289331967,849
1977,"Morgan",58,2,13437,0.000148842747637121,850
1977,"Morrow",59,7,26465,0.000264500283393161,851
1977,"Muskingum",60,50,83031,0.000602184726186605,852
1977,"Noble",61,5,11185,0.000447027268663388,853
1977,"Ottawa",62,20,40076,0.000499051801577004,854
1977,"Paulding",63,5,20783,0.000240581244286195,855
1977,"Perry",64,13,30208,0.000430349576271186,856
1977,"Pickaway",65,16,44104,0.000362778886268819,857
1977,"Pike",66,5,21615,0.000231320842007865,858
1977,"Portage",67,38,133367,0.000284928055665944,859
1977,"Preble",68,11,36839,0.000298596595998806,860
1977,"Putnam",69,8,33526,0.000238620771938197,861
1977,"Richland",70,48,130581,0.000367587933926069,862
1977,"Ross",71,38,63698,0.00059656504128858,863
1977,"Sandusky",72,26,63787,0.000407606565601141,864
1977,"Scioto",73,32,84500,0.000378698224852071,865
1977,"Seneca",74,31,62251,0.000497983968129026,866
1977,"Shelby",75,11,42084,0.000261381997908944,867
1977,"Stark",76,137,376118,0.000364247390446615,868
1977,"Summit",77,248,528581,0.000469180693214474,869
1977,"Trumbull",78,76,241863,0.000314227475885108,870
1977,"Tuscarawas",79,46,82977,0.000554370488207576,871
1977,"Union",80,8,31013,0.000257956340889304,872
1977,"Van Wert",81,16,30308,0.000527913422198759,873
1977,"Vinton",82,3,10792,0.000277983691623425,874
1977,"Warren",83,29,93554,0.000309981401115933,875
1977,"Washington",84,26,61521,0.000422619918401847,876
1977,"Wayne",85,24,94157,0.000254893422687639,877
1977,"Williams",86,10,35555,0.000281254394599916,878
1977,"Wood",87,30,101988,0.00029415225320626,879
1977,"Wyandot",88,10,22869,0.000437273164545892,880
1978,"Adams",1,13,23917,0.000543546431408622,881
1978,"Allen",2,42,109901,0.000382162127733142,882
1978,"Ashland",3,13,45323,0.000286830086269664,883
1978,"Ashtabula",4,49,102462,0.000478226074056723,884
1978,"Athens",5,30,55134,0.000544128849711612,885
1978,"Auglaize",6,11,42054,0.000261568459599562,886
1978,"Belmont",7,35,82174,0.000425925475211137,887
1978,"Brown",8,16,31292,0.00051131279560271,888
1978,"Butler",9,123,251343,0.000489371098459078,889
1978,"Carroll",10,9,25719,0.000349935845095066,890
1978,"Champaign",11,13,33406,0.000389151649404299,891
1978,"Clark",12,64,150634,0.000424870879084403,892
1978,"Clermont",13,58,120652,0.000480721413652488,893
1978,"Clinton",14,17,34397,0.000494229147890804,894
1978,"Columbiana",15,48,114611,0.000418807967821588,895
1978,"Coshocton",16,15,35469,0.000422904508162057,896
1978,"Crawford",17,30,51407,0.000583578111930282,897
1978,"Cuyahoga",18,781,1538724,0.000507563409682308,898
1978,"Darke",19,25,54691,0.000457113601872337,899
1978,"Defiance",20,10,39179,0.000255238775874831,900
1978,"Delaware",21,20,51953,0.000384963332242604,901
1978,"Erie",22,39,78711,0.00049548347753173,902
1978,"Fairfield",23,40,88739,0.00045076009420886,903
1978,"Fayette",24,13,27034,0.000480875934009026,904
1978,"Franklin",25,357,877061,0.000407041243425486,905
1978,"Fulton",26,13,37493,0.00034673138985944,906
1978,"Gallia",27,17,29712,0.000572159396876683,907
1978,"Geauga",28,15,73210,0.000204890042343942,908
1978,"Greene",29,47,129345,0.000363369283698635,909
1978,"Guernsey",30,20,40484,0.000494022329809307,910
1978,"Hamilton",31,483,886806,0.000544651254051055,911
1978,"Hancock",32,17,64856,0.000262119156284692,912
1978,"Hardin",33,13,32591,0.000398883127243718,913
1978,"Harrison",34,8,17338,0.000461414234629138,914
1978,"Henry",35,8,28986,0.000275995308079763,915
1978,"Highland",36,19,33419,0.000568538855142284,916
1978,"Hocking",37,9,23266,0.000386830568211124,917
1978,"Holmes",38,5,29462,0.000169710135089268,918
1978,"Huron",39,29,54336,0.000533716136631331,919
1978,"Jackson",40,19,30056,0.000632153313814213,920
1978,"Jefferson",41,60,92460,0.000648929266709929,921
1978,"Knox",42,14,46228,0.000302846759539673,922
1978,"Lake",43,81,210956,0.000383966324731224,923
1978,"Lawrence",44,33,62430,0.000528592023065834,924
1978,"Licking",45,47,118681,0.000396019581904433,925
1978,"Logan",46,17,38807,0.000438065297497874,926
1978,"Lorain",47,88,275435,0.00031949461760488,927
1978,"Lucas",48,235,469325,0.000500719117882065,928
1978,"Madison",49,14,32216,0.000434566674944127,929
1978,"Mahoning",50,158,292495,0.000540180174020069,930
1978,"Marion",51,41,66794,0.000613827589304429,931
1978,"Medina",52,32,107733,0.000297030622000687,932
1978,"Meigs",53,9,22327,0.000403099386393156,933
1978,"Mercer",54,14,38319,0.000365354001931157,934
1978,"Miami",55,28,89888,0.000311498754004984,935
1978,"Monroe",56,6,16550,0.000362537764350453,936
1978,"Montgomery",57,279,569496,0.000489906865017489,937
1978,"Morgan",58,7,13645,0.000513008427995603,938
1978,"Morrow",59,8,26674,0.000299917522681263,939
1978,"Muskingum",60,59,83000,0.000710843373493976,940
1978,"Noble",61,5,11183,0.000447107216310471,941
1978,"Ottawa",62,14,40502,0.000345661942620118,942
1978,"Paulding",63,12,21008,0.000571210967250571,943
1978,"Perry",64,14,30858,0.000453691101173116,944
1978,"Pickaway",65,9,44333,0.000203009045180791,945
1978,"Pike",66,8,22132,0.000361467558286644,946
1978,"Portage",67,33,134325,0.000245672808486879,947
1978,"Preble",68,13,37183,0.000349622139149611,948
1978,"Putnam",69,8,33213,0.00024086953903592,949
1978,"Richland",70,52,130900,0.000397249809014515,950
1978,"Ross",71,33,64553,0.000511207844716744,951
1978,"Sandusky",72,31,64040,0.000484072454715803,952
1978,"Scioto",73,34,83868,0.000405398960270902,953
1978,"Seneca",74,29,62626,0.00046306645802063,954
1978,"Shelby",75,13,42773,0.000303930049330185,955
1978,"Stark",76,157,378316,0.000414996986646084,956
1978,"Summit",77,246,523969,0.000469493424229296,957
1978,"Trumbull",78,91,244996,0.000371434635667521,958
1978,"Tuscarawas",79,30,83338,0.000359979841128897,959
1978,"Union",80,10,29404,0.000340089783702898,960
1978,"Van Wert",81,9,30489,0.000295188428613598,961
1978,"Vinton",82,3,10995,0.000272851296043656,962
1978,"Warren",83,33,96229,0.000342931964376643,963
1978,"Washington",84,26,62727,0.000414494555773431,964
1978,"Wayne",85,24,95511,0.000251279957282407,965
1978,"Williams",86,8,35918,0.000222729550643132,966
1978,"Wood",87,22,104134,0.000211266253096971,967
1978,"Wyandot",88,16,22785,0.000702216370419135,968
1979,"Adams",1,5,23948,0.000208785702355103,969
1979,"Allen",2,76,111387,0.000682305834612657,970
1979,"Ashland",3,11,45781,0.000240274349621022,971
1979,"Ashtabula",4,38,103767,0.000366205055557162,972
1979,"Athens",5,30,55189,0.0005435865842831,973
1979,"Auglaize",6,18,42474,0.000423788670716203,974
1979,"Belmont",7,40,83336,0.000479984640491504,975
1979,"Brown",8,7,31552,0.000221855983772819,976
1979,"Butler",9,91,256571,0.000354677652579598,977
1979,"Carroll",10,12,25553,0.000469612178609165,978
1979,"Champaign",11,12,33875,0.000354243542435424,979
1979,"Clark",12,60,150905,0.000397601139789934,980
1979,"Clermont",13,51,124709,0.000408952040349935,981
1979,"Clinton",14,11,34598,0.000317937453031967,982
1979,"Columbiana",15,55,113822,0.000483210627119538,983
1979,"Coshocton",16,13,35783,0.000363301008858955,984
1979,"Crawford",17,23,50749,0.000453210900707403,985
1979,"Cuyahoga",18,825,1517979,0.000543485779447542,986
1979,"Darke",19,22,55547,0.000396060993392983,987
1979,"Defiance",20,15,39934,0.000375619772624831,988
1979,"Delaware",21,25,53600,0.000466417910447761,989
1979,"Erie",22,33,78315,0.000421375215475962,990
1979,"Fairfield",23,41,91423,0.000448464828325476,991
1979,"Fayette",24,15,27453,0.000546388372855426,992
1979,"Franklin",25,402,878354,0.000457674240682003,993
1979,"Fulton",26,12,37721,0.000318125182259219,994
1979,"Gallia",27,20,29464,0.000678794461037198,995
1979,"Geauga",28,20,73538,0.000271968234110256,996
1979,"Greene",29,49,129791,0.000377530029046698,997
1979,"Guernsey",30,17,41064,0.000413987921293591,998
1979,"Hamilton",31,528,881168,0.000599204691954315,999
1979,"Hancock",32,24,64667,0.000371132107566456,1000
1979,"Hardin",33,11,32320,0.000340346534653465,1001
1979,"Harrison",34,7,17769,0.000393944510101863,1002
1979,"Henry",35,6,28560,0.000210084033613445,1003
1979,"Highland",36,24,33456,0.000717360114777618,1004
1979,"Hocking",37,9,23962,0.000375594691595025,1005
1979,"Holmes",38,4,29529,0.000135460056215923,1006
1979,"Huron",39,26,54590,0.000476277706539659,1007
1979,"Jackson",40,21,30378,0.000691289749160577,1008
1979,"Jefferson",41,57,91052,0.000626015903000483,1009
1979,"Knox",42,25,46692,0.00053542362717382,1010
1979,"Lake",43,87,212405,0.000409594877710035,1011
1979,"Lawrence",44,35,63166,0.000554095557736757,1012
1979,"Licking",45,57,119933,0.000475265356490707,1013
1979,"Logan",46,11,38867,0.000283016440682327,1014
1979,"Lorain",47,121,273049,0.000443143904573904,1015
1979,"Lucas",48,280,472282,0.000592866126593857,1016
1979,"Madison",49,10,32470,0.000307976593778873,1017
1979,"Mahoning",50,137,289471,0.000473277115842347,1018
1979,"Marion",51,25,67209,0.000371973991578509,1019
1979,"Medina",52,27,111242,0.000242714082810449,1020
1979,"Meigs",53,19,22959,0.000827562176052964,1021
1979,"Mercer",54,16,38326,0.000417471168397433,1022
1979,"Miami",55,44,90353,0.000486978849623145,1023
1979,"Monroe",56,7,17119,0.000408902389158245,1024
1979,"Montgomery",57,259,572382,0.000452495012072357,1025
1979,"Morgan",58,7,13907,0.000503343639893579,1026
1979,"Morrow",59,9,26957,0.000333865044329859,1027
1979,"Muskingum",60,49,83311,0.000588157626243833,1028
1979,"Noble",61,6,11162,0.000537538075613689,1029
1979,"Ottawa",62,10,40552,0.000246596961925429,1030
1979,"Paulding",63,13,21259,0.000611505715226492,1031
1979,"Perry",64,10,30910,0.000323519896473633,1032
1979,"Pickaway",65,27,44077,0.000612564375978401,1033
1979,"Pike",66,8,22397,0.000357190695182391,1034
1979,"Portage",67,38,134256,0.000283041353831486,1035
1979,"Preble",68,13,37848,0.000343479179877404,1036
1979,"Putnam",69,11,34357,0.000320167651424746,1037
1979,"Richland",70,45,130231,0.000345539848423186,1038
1979,"Ross",71,27,64850,0.000416345412490362,1039
1979,"Sandusky",72,23,63737,0.000360857900434598,1040
1979,"Scioto",73,41,84442,0.000485540370905474,1041
1979,"Seneca",74,19,62674,0.000303156013657976,1042
1979,"Shelby",75,9,43056,0.000209030100334448,1043
1979,"Stark",76,182,377507,0.000482110265505011,1044
1979,"Summit",77,247,526662,0.000468991497393015,1045
1979,"Trumbull",78,91,241424,0.000376930214063225,1046
1979,"Tuscarawas",79,28,84041,0.000333170714294214,1047
1979,"Union",80,4,29408,0.000136017410228509,1048
1979,"Van Wert",81,9,30443,0.000295634464408895,1049
1979,"Vinton",82,6,11338,0.000529193861351208,1050
1979,"Warren",83,43,98221,0.000437788253021248,1051
1979,"Washington",84,20,63759,0.000313681205790555,1052
1979,"Wayne",85,36,97328,0.000369883281275686,1053
1979,"Williams",86,10,36083,0.000277138818834354,1054
1979,"Wood",87,28,106035,0.00026406375253454,1055
1979,"Wyandot",88,7,22804,0.0003069636905806,1056
1980,"Adams",1,14,24305,0.000576013166015223,1057
1980,"Allen",2,46,111850,0.000411265087170317,1058
1980,"Ashland",3,22,46121,0.000477006136033477,1059
1980,"Ashtabula",4,58,103685,0.000559386603655302,1060
1980,"Athens",5,25,56429,0.000443034609863723,1061
1980,"Auglaize",6,17,42491,0.000400084723823869,1062
1980,"Belmont",7,54,82246,0.000656566884711719,1063
1980,"Brown",8,21,31977,0.000656722018951121,1064
1980,"Butler",9,135,258877,0.000521483175407626,1065
1980,"Carroll",10,7,25491,0.000274606723941783,1066
1980,"Champaign",11,17,33544,0.000506797042690198,1067
1980,"Clark",12,99,149783,0.000660956183278476,1068
1980,"Clermont",13,62,128713,0.000481691826000482,1069
1980,"Clinton",14,11,34535,0.000318517446069205,1070
1980,"Columbiana",15,51,113124,0.000450832714543333,1071
1980,"Coshocton",16,22,35958,0.000611824906835753,1072
1980,"Crawford",17,28,49919,0.000560908672048719,1073
1980,"Cuyahoga",18,917,1491686,0.000614740635763827,1074
1980,"Darke",19,18,54782,0.000328575079405644,1075
1980,"Defiance",20,12,39768,0.000301750150875075,1076
1980,"Delaware",21,17,53872,0.000315562815562816,1077
1980,"Erie",22,41,79327,0.000516847983662561,1078
1980,"Fairfield",23,33,93630,0.000352451137455944,1079
1980,"Fayette",24,14,27322,0.000512407583632238,1080
1980,"Franklin",25,402,868797,0.000462708780071754,1081
1980,"Fulton",26,9,37676,0.000238878861874934,1082
1980,"Gallia",27,15,30051,0.000499151442547669,1083
1980,"Geauga",28,22,74242,0.000296328223916382,1084
1980,"Greene",29,44,129421,0.000339975738095054,1085
1980,"Guernsey",30,22,41935,0.000524621437939669,1086
1980,"Hamilton",31,583,871090,0.000669276423790883,1087
1980,"Hancock",32,29,64375,0.000450485436893204,1088
1980,"Hardin",33,18,32593,0.000552265823949928,1089
1980,"Harrison",34,8,17987,0.000444765664090732,1090
1980,"Henry",35,7,28277,0.000247551013190933,1091
1980,"Highland",36,25,33506,0.000746135020593327,1092
1980,"Hocking",37,14,24234,0.000577700751010976,1093
1980,"Holmes",38,3,29388,0.000102082482645978,1094
1980,"Huron",39,25,54519,0.000458555732863772,1095
1980,"Jackson",40,22,30481,0.000721761097076868,1096
1980,"Jefferson",41,55,91051,0.00060405706691854,1097
1980,"Knox",42,15,46228,0.000324478670935364,1098
1980,"Lake",43,101,212138,0.000476105176818863,1099
1980,"Lawrence",44,39,63644,0.000612783608824084,1100
1980,"Licking",45,69,121054,0.000569993556594578,1101
1980,"Logan",46,19,39069,0.000486319076505669,1102
1980,"Lorain",47,115,273724,0.000420131227075448,1103
1980,"Lucas",48,243,470235,0.000516762895148171,1104
1980,"Madison",49,10,33024,0.00030281007751938,1105
1980,"Mahoning",50,142,288040,0.000492987085127066,1106
1980,"Marion",51,27,67657,0.000399071788580635,1107
1980,"Medina",52,38,112964,0.000336390354449205,1108
1980,"Meigs",53,12,23529,0.00051000892515619,1109
1980,"Mercer",54,12,38226,0.000313922461152095,1110
1980,"Miami",55,48,90168,0.000532339632685653,1111
1980,"Monroe",56,4,17287,0.000231387748018742,1112
1980,"Montgomery",57,314,570223,0.000550661758645302,1113
1980,"Morgan",58,8,14190,0.000563777307963354,1114
1980,"Morrow",59,16,26419,0.00060562473977062,1115
1980,"Muskingum",60,54,83215,0.000648921468485249,1116
1980,"Noble",61,3,11273,0.000266122593808214,1117
1980,"Ottawa",62,15,39955,0.000375422350143912,1118
1980,"Paulding",63,11,21191,0.000519088292199519,1119
1980,"Perry",64,21,31000,0.00067741935483871,1120
1980,"Pickaway",65,23,43432,0.00052956345551667,1121
1980,"Pike",66,14,22908,0.000611140213026017,1122
1980,"Portage",67,37,135770,0.000272519702437947,1123
1980,"Preble",68,24,38066,0.00063048389639048,1124
1980,"Putnam",69,13,32962,0.000394393544081063,1125
1980,"Richland",70,62,130722,0.000474288949067487,1126
1980,"Ross",71,23,64945,0.000354145815690199,1127
1980,"Sandusky",72,27,63026,0.000428394630787294,1128
1980,"Scioto",73,54,84244,0.000640995204406249,1129
1980,"Seneca",74,30,61590,0.000487092060399416,1130
1980,"Shelby",75,19,43034,0.00044151136310824,1131
1980,"Stark",76,197,377634,0.000521669129368648,1132
1980,"Summit",77,277,522227,0.000530420679129957,1133
1980,"Trumbull",78,114,241115,0.000472803434045995,1134
1980,"Tuscarawas",79,36,84476,0.000426156541502912,1135
1980,"Union",80,17,29528,0.000575724735843945,1136
1980,"Van Wert",81,13,30321,0.000428745753768016,1137
1980,"Vinton",82,5,11502,0.000434707007476961,1138
1980,"Warren",83,33,99196,0.000332674704625187,1139
1980,"Washington",84,26,64064,0.000405844155844156,1140
1980,"Wayne",85,27,97179,0.000277837804463927,1141
1980,"Williams",86,17,36296,0.000468371170376901,1142
1980,"Wood",87,32,107345,0.000298104243327589,1143
1980,"Wyandot",88,7,22618,0.000309488018392431,1144
1981,"Adams",1,12,24661,0.000486598272576132,1145
1981,"Allen",2,53,111763,0.000474217764376404,1146
1981,"Ashland",3,18,46445,0.000387555172785015,1147
1981,"Ashtabula",4,56,103457,0.000541287684738587,1148
1981,"Athens",5,33,57108,0.000577852490018912,1149
1981,"Auglaize",6,20,42760,0.000467726847521048,1150
1981,"Belmont",7,64,82242,0.000778191191848447,1151
1981,"Brown",8,12,32666,0.000367354435804812,1152
1981,"Butler",9,129,262312,0.000491780780139681,1153
1981,"Carroll",10,12,25647,0.000467890981401334,1154
1981,"Champaign",11,14,33476,0.00041821006093918,1155
1981,"Clark",12,80,149646,0.000534594977480187,1156
1981,"Clermont",13,71,131621,0.000539427598939379,1157
1981,"Clinton",14,16,34610,0.000462294134643167,1158
1981,"Columbiana",15,63,113142,0.000556822400169698,1159
1981,"Coshocton",16,13,36247,0.000358650371065192,1160
1981,"Crawford",17,21,49919,0.000420681504036539,1161
1981,"Cuyahoga",18,913,1481287,0.000616355912122364,1162
1981,"Darke",19,18,54469,0.00033046319925095,1163
1981,"Defiance",20,13,39635,0.000327992935536773,1164
1981,"Delaware",21,10,54737,0.000182691780696786,1165
1981,"Erie",22,32,79260,0.000403734544536967,1166
1981,"Fairfield",23,38,95011,0.000399953689572786,1167
1981,"Fayette",24,22,27239,0.000807665479643159,1168
1981,"Franklin",25,431,877791,0.000491005262072635,1169
1981,"Fulton",26,15,37857,0.000396227910294001,1170
1981,"Gallia",27,17,30164,0.000563585731335367,1171
1981,"Geauga",28,29,74526,0.000389125942624051,1172
1981,"Greene",29,44,129915,0.000338682985028673,1173
1981,"Guernsey",30,24,41993,0.000571523825399471,1174
1981,"Hamilton",31,542,871895,0.00062163448580391,1175
1981,"Hancock",32,22,64665,0.00034021495399366,1176
1981,"Hardin",33,15,32575,0.000460475825019186,1177
1981,"Harrison",34,12,17721,0.000677162688335873,1178
1981,"Henry",35,13,28150,0.000461811722912966,1179
1981,"Highland",36,13,34009,0.000382251756887883,1180
1981,"Hocking",37,14,24292,0.000576321422690598,1181
1981,"Holmes",38,8,29902,0.000267540632733596,1182
1981,"Huron",39,28,54706,0.000511826856286331,1183
1981,"Jackson",40,12,30290,0.000396170353251898,1184
1981,"Jefferson",41,68,90572,0.000750783906726141,1185
1981,"Knox",42,22,46575,0.0004723564143854,1186
1981,"Lake",43,83,213482,0.000388791560881011,1187
1981,"Lawrence",44,26,63682,0.000408278634464998,1188
1981,"Licking",45,72,122894,0.000585870750402786,1189
1981,"Logan",46,31,39268,0.000789446877864928,1190
1981,"Lorain",47,110,273797,0.000401757506473774,1191
1981,"Lucas",48,282,469879,0.000600154507862663,1192
1981,"Madison",49,13,33544,0.000387550679704269,1193
1981,"Mahoning",50,159,286390,0.000555186982785712,1194
1981,"Marion",51,36,67577,0.000532725631501842,1195
1981,"Medina",52,40,114372,0.000349735949358235,1196
1981,"Meigs",53,14,23561,0.000594202283434489,1197
1981,"Mercer",54,15,38352,0.000391113892365457,1198
1981,"Miami",55,37,90442,0.000409101965900798,1199
1981,"Monroe",56,7,17127,0.000408711391370351,1200
1981,"Montgomery",57,306,569946,0.000536892968807571,1201
1981,"Morgan",58,8,14220,0.000562587904360056,1202
1981,"Morrow",59,16,26787,0.000597304662709523,1203
1981,"Muskingum",60,59,83731,0.000704637469993193,1204
1981,"Noble",61,2,11253,0.000177730383008975,1205
1981,"Ottawa",62,21,40112,0.000523534104507379,1206
1981,"Paulding",63,15,21137,0.000709656053366135,1207
1981,"Perry",64,15,31387,0.000477904865071526,1208
1981,"Pickaway",65,15,43347,0.0003460447089764,1209
1981,"Pike",66,10,23697,0.000421994345275773,1210
1981,"Portage",67,49,137532,0.000356280720123317,1211
1981,"Preble",68,13,38079,0.000341395519840332,1212
1981,"Putnam",69,14,33320,0.000420168067226891,1213
1981,"Richland",70,66,130776,0.000504679757753716,1214
1981,"Ross",71,33,65570,0.000503278938538966,1215
1981,"Sandusky",72,23,62764,0.000366452106302976,1216
1981,"Scioto",73,38,84068,0.000452015035447495,1217
1981,"Seneca",74,17,61206,0.000277750547331961,1218
1981,"Shelby",75,21,43481,0.000482969572916906,1219
1981,"Stark",76,183,378207,0.000483862012072754,1220
1981,"Summit",77,253,520096,0.000486448655632806,1221
1981,"Trumbull",78,112,241243,0.000464262175482812,1222
1981,"Tuscarawas",79,40,85085,0.000470118117176941,1223
1981,"Union",80,9,29843,0.000301578259558355,1224
1981,"Van Wert",81,12,30211,0.000397206315580418,1225
1981,"Vinton",82,7,11380,0.000615114235500879,1226
1981,"Warren",83,37,100297,0.000368904354068417,1227
1981,"Washington",84,34,64320,0.000528606965174129,1228
1981,"Wayne",85,28,97997,0.000285723032337725,1229
1981,"Williams",86,23,36380,0.000632215503023639,1230
1981,"Wood",87,30,108890,0.000275507392781706,1231
1981,"Wyandot",88,11,22581,0.000487135202161109,1232
1982,"Adams",1,15,24644,0.000608667424119461,1233
1982,"Allen",2,47,109920,0.000427583697234352,1234
1982,"Ashland",3,20,46361,0.000431397079441772,1235
1982,"Ashtabula",4,53,102783,0.000515649475107751,1236
1982,"Athens",5,24,57205,0.000419543746176034,1237
1982,"Auglaize",6,23,42881,0.000536368088430774,1238
1982,"Belmont",7,47,81885,0.000573975697624718,1239
1982,"Brown",8,22,32994,0.000666787900830454,1240
1982,"Butler",9,138,262237,0.000526241529608713,1241
1982,"Carroll",10,14,25791,0.000542825016478617,1242
1982,"Champaign",11,20,33599,0.000595255811184857,1243
1982,"Clark",12,88,148059,0.000594357654718727,1244
1982,"Clermont",13,59,133244,0.000442796673771427,1245
1982,"Clinton",14,15,34500,0.000434782608695652,1246
1982,"Columbiana",15,64,113158,0.000565580869227098,1247
1982,"Coshocton",16,13,36175,0.000359364201796821,1248
1982,"Crawford",17,37,49385,0.000749215348790118,1249
1982,"Cuyahoga",18,909,1470321,0.000618232345181766,1250
1982,"Darke",19,23,53558,0.000429440979872288,1251
1982,"Defiance",20,12,39059,0.000307227527586472,1252
1982,"Delaware",21,24,55411,0.000433126996444749,1253
1982,"Erie",22,36,78345,0.000459506031016657,1254
1982,"Fairfield",23,48,95235,0.000504016380532367,1255
1982,"Fayette",24,15,27309,0.000549269471602768,1256
1982,"Franklin",25,451,881702,0.000511510691821046,1257
1982,"Fulton",26,8,37725,0.000212060967528164,1258
1982,"Gallia",27,12,29749,0.000403374903358096,1259
1982,"Geauga",28,36,74538,0.000482975126780971,1260
1982,"Greene",29,36,130247,0.000276397920873417,1261
1982,"Guernsey",30,31,41683,0.000743708466281218,1262
1982,"Hamilton",31,554,869976,0.000636799176069225,1263
1982,"Hancock",32,24,64954,0.000369492256058133,1264
1982,"Hardin",33,18,32234,0.000558416578767761,1265
1982,"Harrison",34,20,17548,0.00113973102347846,1266
1982,"Henry",35,12,28030,0.000428112736353907,1267
1982,"Highland",36,17,33801,0.000502943699890536,1268
1982,"Hocking",37,15,24096,0.000622509960159363,1269
1982,"Holmes",38,9,30094,0.000299062936133449,1270
1982,"Huron",39,23,54393,0.000422848528303274,1271
1982,"Jackson",40,19,30130,0.000630600730169267,1272
1982,"Jefferson",41,65,89957,0.000722567448892248,1273
1982,"Knox",42,27,47058,0.000573760040800714,1274
1982,"Lake",43,94,214460,0.000438310174391495,1275
1982,"Lawrence",44,45,62837,0.000716138580772475,1276
1982,"Licking",45,57,123706,0.000460769889900247,1277
1982,"Logan",46,24,39047,0.000614643890695828,1278
1982,"Lorain",47,136,273084,0.000498015262703051,1279
1982,"Lucas",48,277,467708,0.000592249865300572,1280
1982,"Madison",49,14,34021,0.000411510537609124,1281
1982,"Mahoning",50,163,283431,0.000575095878714749,1282
1982,"Marion",51,41,67242,0.000609737961393177,1283
1982,"Medina",52,36,114717,0.000313815737859254,1284
1982,"Meigs",53,12,23676,0.000506842372022301,1285
1982,"Mercer",54,14,38556,0.000363108206245461,1286
1982,"Miami",55,49,89984,0.000544541251778094,1287
1982,"Monroe",56,6,17000,0.000352941176470588,1288
1982,"Montgomery",57,325,566395,0.000573804500392835,1289
1982,"Morgan",58,4,14278,0.000280151281692114,1290
1982,"Morrow",59,6,26706,0.000224668613794653,1291
1982,"Muskingum",60,44,84417,0.000521222028738287,1292
1982,"Noble",61,5,11274,0.000443498314706404,1293
1982,"Ottawa",62,18,39774,0.000452556946749133,1294
1982,"Paulding",63,8,20879,0.000383160113032233,1295
1982,"Perry",64,25,31363,0.000797117622676402,1296
1982,"Pickaway",65,23,42900,0.000536130536130536,1297
1982,"Pike",66,10,24369,0.000410357421313964,1298
1982,"Portage",67,66,137343,0.000480548699242044,1299
1982,"Preble",68,21,37806,0.000555467386129186,1300
1982,"Putnam",69,9,33181,0.000271239564811187,1301
1982,"Richland",70,63,129579,0.000486189891880629,1302
1982,"Ross",71,28,65676,0.000426335343199951,1303
1982,"Sandusky",72,26,62244,0.000417710944026733,1304
1982,"Scioto",73,56,84267,0.000664554333250264,1305
1982,"Seneca",74,28,61064,0.000458535307218656,1306
1982,"Shelby",75,19,43502,0.0004367615282056,1307
1982,"Stark",76,188,377652,0.000497812801203224,1308
1982,"Summit",77,282,517163,0.000545282628494304,1309
1982,"Trumbull",78,111,239941,0.000462613725874277,1310
1982,"Tuscarawas",79,54,85280,0.000633208255159475,1311
1982,"Union",80,9,30303,0.000297000297000297,1312
1982,"Van Wert",81,17,29949,0.000567631640455441,1313
1982,"Vinton",82,7,11331,0.00061777424763922,1314
1982,"Warren",83,40,100896,0.000396447827465905,1315
1982,"Washington",84,30,64462,0.00046539046259812,1316
1982,"Wayne",85,30,98720,0.000303889789303079,1317
1982,"Williams",86,10,36036,0.000277500277500278,1318
1982,"Wood",87,30,109045,0.000275115777889862,1319
1982,"Wyandot",88,5,22490,0.000222321031569586,1320
1983,"Adams",1,9,24385,0.000369079352060693,1321
1983,"Allen",2,62,108996,0.000568828213879408,1322
1983,"Ashland",3,27,45994,0.000587033091272775,1323
1983,"Ashtabula",4,59,101750,0.00057985257985258,1324
1983,"Athens",5,21,57075,0.000367936925098555,1325
1983,"Auglaize",6,16,42689,0.000374803813628804,1326
1983,"Belmont",7,45,81984,0.000548887587822014,1327
1983,"Brown",8,27,32979,0.000818702810879651,1328
1983,"Butler",9,150,260641,0.000575504237629536,1329
1983,"Carroll",10,16,26085,0.000613379336783592,1330
1983,"Champaign",11,19,33324,0.000570159644700516,1331
1983,"Clark",12,73,147078,0.000496335277879764,1332
1983,"Clermont",13,51,133919,0.000380827216451736,1333
1983,"Clinton",14,19,34359,0.000552984661951745,1334
1983,"Columbiana",15,62,112319,0.000551999216517241,1335
1983,"Coshocton",16,18,36036,0.0004995004995005,1336
1983,"Crawford",17,21,48614,0.00043197432838277,1337
1983,"Cuyahoga",18,940,1468625,0.000640054472721083,1338
1983,"Darke",19,23,53482,0.00043005123219027,1339
1983,"Defiance",20,10,38575,0.000259235255994815,1340
1983,"Delaware",21,27,55729,0.000484487430242782,1341
1983,"Erie",22,40,77417,0.000516682382422465,1342
1983,"Fairfield",23,53,94742,0.000559413987460683,1343
1983,"Fayette",24,15,27539,0.000544682087221758,1344
1983,"Franklin",25,478,884464,0.000540440311872501,1345
1983,"Fulton",26,16,37713,0.000424256887545409,1346
1983,"Gallia",27,15,29783,0.000503643017828963,1347
1983,"Geauga",28,25,74379,0.00033611637693435,1348
1983,"Greene",29,57,129412,0.000440453744629555,1349
1983,"Guernsey",30,32,41424,0.000772499034376207,1350
1983,"Hamilton",31,568,865196,0.00065649864308203,1351
1983,"Hancock",32,41,64890,0.000631838495916166,1352
1983,"Hardin",33,25,31687,0.000788967084293243,1353
1983,"Harrison",34,22,17392,0.00126494940202392,1354
1983,"Henry",35,2,28166,7.1007597812966e-05,1355
1983,"Highland",36,24,33687,0.000712441000979606,1356
1983,"Hocking",37,15,24433,0.000613923791593337,1357
1983,"Holmes",38,5,30268,0.000165190960750628,1358
1983,"Huron",39,18,54354,0.000331162379953637,1359
1983,"Jackson",40,14,30319,0.000461756654243214,1360
1983,"Jefferson",41,54,88025,0.000613462084635047,1361
1983,"Knox",42,28,47031,0.000595352001871106,1362
1983,"Lake",43,114,213837,0.000533116345627744,1363
1983,"Lawrence",44,36,62890,0.0005724280489744,1364
1983,"Licking",45,68,123486,0.000550669711546248,1365
1983,"Logan",46,24,39195,0.000612323000382702,1366
1983,"Lorain",47,125,270924,0.000461384004370229,1367
1983,"Lucas",48,292,465203,0.000627682968510521,1368
1983,"Madison",49,24,34529,0.000695067913927423,1369
1983,"Mahoning",50,148,282781,0.000523373211071465,1370
1983,"Marion",51,37,66734,0.00055444001558426,1371
1983,"Medina",52,34,114761,0.000296267895887976,1372
1983,"Meigs",53,9,23545,0.000382246761520493,1373
1983,"Mercer",54,14,38447,0.000364137644029443,1374
1983,"Miami",55,63,89072,0.000707292976468475,1375
1983,"Monroe",56,7,16784,0.000417063870352717,1376
1983,"Montgomery",57,345,562384,0.000613459842385274,1377
1983,"Morgan",58,7,14169,0.000494036276378008,1378
1983,"Morrow",59,13,26522,0.000490159113189051,1379
1983,"Muskingum",60,59,83777,0.000704250569965504,1380
1983,"Noble",61,5,11181,0.000447187192558805,1381
1983,"Ottawa",62,26,39655,0.000655655024587063,1382
1983,"Paulding",63,9,20806,0.00043256752859752,1383
1983,"Perry",64,20,31022,0.000644703758622913,1384
1983,"Pickaway",65,21,42300,0.00049645390070922,1385
1983,"Pike",66,20,24637,0.000811787149409425,1386
1983,"Portage",67,55,136635,0.000402532294068138,1387
1983,"Preble",68,27,37994,0.000710638521871874,1388
1983,"Putnam",69,13,33054,0.000393295818962909,1389
1983,"Richland",70,59,128264,0.000459988773155367,1390
1983,"Ross",71,34,66069,0.00051461351011821,1391
1983,"Sandusky",72,24,61803,0.000388330663560021,1392
1983,"Scioto",73,44,84723,0.000519339494588246,1393
1983,"Seneca",74,36,61109,0.000589111260207171,1394
1983,"Shelby",75,30,43020,0.000697350069735007,1395
1983,"Stark",76,206,375377,0.000548781624873128,1396
1983,"Summit",77,310,513708,0.000603455659635435,1397
1983,"Trumbull",78,133,237249,0.000560592457713204,1398
1983,"Tuscarawas",79,57,85237,0.000668723676337741,1399
1983,"Union",80,14,30167,0.000464083269798124,1400
1983,"Van Wert",81,13,29699,0.00043772517593185,1401
1983,"Vinton",82,13,11383,0.00114205394008609,1402
1983,"Warren",83,42,100762,0.000416823802624005,1403
1983,"Washington",84,32,64710,0.000494513985473652,1404
1983,"Wayne",85,30,98746,0.000303809774573147,1405
1983,"Williams",86,13,35859,0.000362531024289579,1406
1983,"Wood",87,44,107907,0.000407758532810661,1407
1983,"Wyandot",88,10,22396,0.000446508305054474,1408
1984,"Adams",1,12,24307,0.000493684946723166,1409
1984,"Allen",2,69,109889,0.000627906341854053,1410
1984,"Ashland",3,25,46286,0.000540120122715292,1411
1984,"Ashtabula",4,56,101440,0.00055205047318612,1412
1984,"Athens",5,38,57300,0.000663176265270506,1413
1984,"Auglaize",6,35,43300,0.000808314087759815,1414
1984,"Belmont",7,55,81017,0.000678869866818075,1415
1984,"Brown",8,24,33520,0.000715990453460621,1416
1984,"Butler",9,141,264820,0.000532437127105204,1417
1984,"Carroll",10,17,26433,0.000643135474596149,1418
1984,"Champaign",11,18,33390,0.000539083557951483,1419
1984,"Clark",12,87,146861,0.000592396892299521,1420
1984,"Clermont",13,75,135984,0.000551535474761737,1421
1984,"Clinton",14,17,34613,0.000491144945540693,1422
1984,"Columbiana",15,74,111641,0.000662838921184869,1423
1984,"Coshocton",16,15,36241,0.000413895863800668,1424
1984,"Crawford",17,26,49150,0.000528992878942014,1425
1984,"Cuyahoga",18,923,1463525,0.000630669103705096,1426
1984,"Darke",19,24,53819,0.000445939166465375,1427
1984,"Defiance",20,16,38388,0.000416796915702824,1428
1984,"Delaware",21,14,56528,0.000247664874044721,1429
1984,"Erie",22,42,77602,0.000541223164351434,1430
1984,"Fairfield",23,33,95254,0.000346442144161925,1431
1984,"Fayette",24,14,27463,0.000509776790590977,1432
1984,"Franklin",25,444,892418,0.000497524702549702,1433
1984,"Fulton",26,18,38099,0.000472453345232158,1434
1984,"Gallia",27,10,30048,0.000332800851970181,1435
1984,"Geauga",28,20,74485,0.000268510438343291,1436
1984,"Greene",29,50,128887,0.000387936719762272,1437
1984,"Guernsey",30,19,41246,0.000460650729767735,1438
1984,"Hamilton",31,642,865815,0.000741497895046863,1439
1984,"Hancock",32,27,65521,0.000412081622685856,1440
1984,"Hardin",33,15,31714,0.000472977234029135,1441
1984,"Harrison",34,7,16916,0.000413809411208323,1442
1984,"Henry",35,12,28320,0.000423728813559322,1443
1984,"Highland",36,24,34163,0.000702514416181249,1444
1984,"Hocking",37,18,24693,0.000728951524723606,1445
1984,"Holmes",38,6,30344,0.00019773266543633,1446
1984,"Huron",39,21,54922,0.000382360438439969,1447
1984,"Jackson",40,14,30322,0.000461710968933448,1448
1984,"Jefferson",41,68,87432,0.000777747277884527,1449
1984,"Knox",42,26,47170,0.000551197795208819,1450
1984,"Lake",43,103,213190,0.000483137107744266,1451
1984,"Lawrence",44,41,63224,0.000648487915981273,1452
1984,"Licking",45,84,123901,0.000677960629857709,1453
1984,"Logan",46,20,39586,0.000505229121406558,1454
1984,"Lorain",47,124,270238,0.000458854787261599,1455
1984,"Lucas",48,243,462892,0.000524960465940219,1456
1984,"Madison",49,20,34249,0.000583958655727174,1457
1984,"Mahoning",50,147,280329,0.000524383848977452,1458
1984,"Marion",51,26,66436,0.000391354085134566,1459
1984,"Medina",52,41,115305,0.000355578682624344,1460
1984,"Meigs",53,14,23616,0.000592818428184282,1461
1984,"Mercer",54,9,38570,0.000233341975628727,1462
1984,"Miami",55,39,89047,0.000437970959156401,1463
1984,"Monroe",56,7,16628,0.000420976665864806,1464
1984,"Montgomery",57,326,564438,0.000577565649371587,1465
1984,"Morgan",58,6,14185,0.000422982023264011,1466
1984,"Morrow",59,9,26756,0.000336373149947675,1467
1984,"Muskingum",60,62,84376,0.000734806106001707,1468
1984,"Noble",61,10,11226,0.00089078923926599,1469
1984,"Ottawa",62,25,39641,0.000630660175071265,1470
1984,"Paulding",63,11,20727,0.000530708737395667,1471
1984,"Perry",64,23,31451,0.00073129630218435,1472
1984,"Pickaway",65,24,42594,0.000563459642203127,1473
1984,"Pike",66,17,24867,0.000683636948566373,1474
1984,"Portage",67,65,136351,0.000476710841871347,1475
1984,"Preble",68,21,38712,0.000542467451952883,1476
1984,"Putnam",69,10,33436,0.000299078837181481,1477
1984,"Richland",70,66,129339,0.000510286920418435,1478
1984,"Ross",71,36,67414,0.000534013706351796,1479
1984,"Sandusky",72,25,62370,0.000400833734167067,1480
1984,"Scioto",73,70,84275,0.000830614061109463,1481
1984,"Seneca",74,39,61404,0.000635137776040649,1482
1984,"Shelby",75,23,43392,0.000530051622418879,1483
1984,"Stark",76,198,375402,0.000527434590119392,1484
1984,"Summit",77,302,512121,0.000589704386268089,1485
1984,"Trumbull",78,114,235835,0.000483388809973074,1486
1984,"Tuscarawas",79,37,85506,0.000432718171824199,1487
1984,"Union",80,11,30542,0.000360159779975116,1488
1984,"Van Wert",81,17,29900,0.000568561872909699,1489
1984,"Vinton",82,3,11552,0.000259695290858726,1490
1984,"Warren",83,42,101915,0.000412108129323456,1491
1984,"Washington",84,39,64559,0.000604098576495918,1492
1984,"Wayne",85,31,99318,0.000312128717855776,1493
1984,"Williams",86,17,36278,0.000468603561387067,1494
1984,"Wood",87,37,108497,0.000341023254099192,1495
1984,"Wyandot",88,16,22584,0.000708466170740347,1496
1985,"Adams",1,20,24423,0.000818900217008558,1497
1985,"Allen",2,53,110251,0.000480721263299199,1498
1985,"Ashland",3,34,46441,0.000732111711634116,1499
1985,"Ashtabula",4,56,101402,0.000552257351925997,1500
1985,"Athens",5,21,57435,0.00036563071297989,1501
1985,"Auglaize",6,22,43539,0.000505294104136521,1502
1985,"Belmont",7,44,79507,0.000553410391537852,1503
1985,"Brown",8,19,34218,0.000555263311707289,1504
1985,"Butler",9,139,267923,0.00051880577628647,1505
1985,"Carroll",10,11,26607,0.000413425038523697,1506
1985,"Champaign",11,19,33733,0.000563246672397949,1507
1985,"Clark",12,92,146733,0.000626989157176641,1508
1985,"Clermont",13,94,138164,0.000680350887351264,1509
1985,"Clinton",14,26,34600,0.000751445086705202,1510
1985,"Columbiana",15,65,110932,0.000585944542602675,1511
1985,"Coshocton",16,11,35813,0.00030715103454053,1512
1985,"Crawford",17,35,49086,0.000713034266389602,1513
1985,"Cuyahoga",18,937,1454155,0.000644360470513804,1514
1985,"Darke",19,37,53899,0.000686469136718677,1515
1985,"Defiance",20,12,39022,0.000307518835528676,1516
1985,"Delaware",21,24,57335,0.000418592482776663,1517
1985,"Erie",22,40,77340,0.000517196793379881,1518
1985,"Fairfield",23,54,96024,0.000562359410147463,1519
1985,"Fayette",24,16,27443,0.000583026637029479,1520
1985,"Franklin",25,524,898729,0.000583045612192329,1521
1985,"Fulton",26,9,38304,0.000234962406015038,1522
1985,"Gallia",27,6,30066,0.000199560965875075,1523
1985,"Geauga",28,20,74778,0.000267458343363021,1524
1985,"Greene",29,71,129445,0.000548495500019313,1525
1985,"Guernsey",30,22,40677,0.000540846178430071,1526
1985,"Hamilton",31,639,865708,0.000738124171198603,1527
1985,"Hancock",32,31,65895,0.000470445405569467,1528
1985,"Hardin",33,26,31718,0.000819723816129642,1529
1985,"Harrison",34,7,16653,0.000420344682639765,1530
1985,"Henry",35,23,28399,0.00080988767210113,1531
1985,"Highland",36,25,34315,0.000728544368352033,1532
1985,"Hocking",37,18,24579,0.000732332478945441,1533
1985,"Holmes",38,8,30647,0.000261036969360786,1534
1985,"Huron",39,21,54798,0.000383225665170262,1535
1985,"Jackson",40,15,30386,0.000493648390706246,1536
1985,"Jefferson",41,56,86569,0.00064688283334681,1537
1985,"Knox",42,26,47428,0.000548199375896095,1538
1985,"Lake",43,127,212139,0.000598664083454716,1539
1985,"Lawrence",44,37,62443,0.00059254039684192,1540
1985,"Licking",45,61,124548,0.000489771011979317,1541
1985,"Logan",46,25,39863,0.000627147981837794,1542
1985,"Lorain",47,124,269978,0.000459296683433465,1543
1985,"Lucas",48,308,462723,0.000665625006753501,1544
1985,"Madison",49,21,34634,0.000606340590171508,1545
1985,"Mahoning",50,183,278505,0.000657079765174772,1546
1985,"Marion",51,40,66009,0.000605977972700692,1547
1985,"Medina",52,45,115573,0.000389364297889646,1548
1985,"Meigs",53,17,23732,0.000716332378223496,1549
1985,"Mercer",54,15,38831,0.000386289304936777,1550
1985,"Miami",55,48,89093,0.000538762865769477,1551
1985,"Monroe",56,6,16397,0.000365920595230835,1552
1985,"Montgomery",57,341,565284,0.000603236603194147,1553
1985,"Morgan",58,11,14152,0.000777275296777841,1554
1985,"Morrow",59,12,26982,0.00044474093840338,1555
1985,"Muskingum",60,60,84206,0.000712538298933568,1556
1985,"Noble",61,9,11454,0.000785751702462022,1557
1985,"Ottawa",62,28,39743,0.000704526583297688,1558
1985,"Paulding",63,6,20787,0.000288641939673835,1559
1985,"Perry",64,23,31569,0.00072856283062498,1560
1985,"Pickaway",65,22,44926,0.000489694163735921,1561
1985,"Pike",66,8,25084,0.000318928400574071,1562
1985,"Portage",67,58,136172,0.000425931909643686,1563
1985,"Preble",68,22,38967,0.000564580285882927,1564
1985,"Putnam",69,12,33343,0.000359895630267223,1565
1985,"Richland",70,50,129228,0.000386913052898753,1566
1985,"Ross",71,29,67714,0.000428271849248309,1567
1985,"Sandusky",72,34,62081,0.00054767159034165,1568
1985,"Scioto",73,56,83197,0.000673101193552652,1569
1985,"Seneca",74,25,61772,0.000404714109952729,1570
1985,"Shelby",75,22,43753,0.000502822663588782,1571
1985,"Stark",76,205,374180,0.000547864664065423,1572
1985,"Summit",77,292,508637,0.000574083285329223,1573
1985,"Trumbull",78,139,234767,0.000592076399153203,1574
1985,"Tuscarawas",79,58,85504,0.000678330838323353,1575
1985,"Union",80,10,30877,0.000323865660524015,1576
1985,"Van Wert",81,13,29995,0.000433405567594599,1577
1985,"Vinton",82,6,11435,0.000524704853519895,1578
1985,"Warren",83,55,102771,0.000535170427455216,1579
1985,"Washington",84,27,64351,0.000419573899395503,1580
1985,"Wayne",85,46,100142,0.000459347726228755,1581
1985,"Williams",86,17,36594,0.000464557031207302,1582
1985,"Wood",87,55,109481,0.00050237027429417,1583
1985,"Wyandot",88,10,22645,0.000441598586884522,1584
1986,"Adams",1,12,24767,0.000484515686195341,1585
1986,"Allen",2,65,110745,0.00058693394735654,1586
1986,"Ashland",3,19,46030,0.000412774277645014,1587
1986,"Ashtabula",4,50,100011,0.000499945006049335,1588
1986,"Athens",5,15,57599,0.000260421187867845,1589
1986,"Auglaize",6,23,43653,0.000526882459395689,1590
1986,"Belmont",7,50,76752,0.000651448822180529,1591
1986,"Brown",8,23,34243,0.000671670122360774,1592
1986,"Butler",9,164,271033,0.000605092368825936,1593
1986,"Carroll",10,8,26566,0.000301136791387488,1594
1986,"Champaign",11,19,34301,0.000553919710795604,1595
1986,"Clark",12,95,146879,0.000646790895907516,1596
1986,"Clermont",13,80,140438,0.000569646392002165,1597
1986,"Clinton",14,19,34798,0.000546008391286856,1598
1986,"Columbiana",15,68,108259,0.00062812329690834,1599
1986,"Coshocton",16,28,35707,0.000784159968633601,1600
1986,"Crawford",17,30,48613,0.000617118877666468,1601
1986,"Cuyahoga",18,953,1453242,0.000655775156512129,1602
1986,"Darke",19,28,53468,0.000523677713772724,1603
1986,"Defiance",20,25,39062,0.000640008192104859,1604
1986,"Delaware",21,23,58857,0.000390777647518562,1605
1986,"Erie",22,43,77019,0.000558303795167426,1606
1986,"Fairfield",23,51,97550,0.000522808815991799,1607
1986,"Fayette",24,23,27422,0.000838742615418277,1608
1986,"Franklin",25,499,910990,0.000547755738262769,1609
1986,"Fulton",26,7,37761,0.000185376446598342,1610
1986,"Gallia",27,16,29918,0.000534795106624774,1611
1986,"Geauga",28,38,76348,0.000497720961911248,1612
1986,"Greene",29,50,130328,0.000383647412681849,1613
1986,"Guernsey",30,18,39672,0.000453720508166969,1614
1986,"Hamilton",31,572,873015,0.000655200655200655,1615
1986,"Hancock",32,33,65200,0.000506134969325153,1616
1986,"Hardin",33,19,31431,0.000604498743278928,1617
1986,"Harrison",34,16,16248,0.000984736582964057,1618
1986,"Henry",35,16,28232,0.000566732785491641,1619
1986,"Highland",36,19,34482,0.00055101212226669,1620
1986,"Hocking",37,10,24704,0.00040479274611399,1621
1986,"Holmes",38,9,30449,0.000295576209399323,1622
1986,"Huron",39,33,55313,0.000596604776453998,1623
1986,"Jackson",40,15,30086,0.00049857076381041,1624
1986,"Jefferson",41,71,83494,0.000850360504946463,1625
1986,"Knox",42,23,46995,0.000489413767422066,1626
1986,"Lake",43,111,212972,0.000521195274496178,1627
1986,"Lawrence",44,33,62212,0.000530444287275767,1628
1986,"Licking",45,76,124488,0.000610500610500611,1629
1986,"Logan",46,24,39848,0.000602288697048785,1630
1986,"Lorain",47,137,267556,0.000512042338800102,1631
1986,"Lucas",48,305,463303,0.000658316479711981,1632
1986,"Madison",49,12,35020,0.000342661336379212,1633
1986,"Mahoning",50,200,273796,0.000730470861517334,1634
1986,"Marion",51,50,64906,0.000770344806335316,1635
1986,"Medina",52,31,115314,0.000268831191355776,1636
1986,"Meigs",53,15,23659,0.000634008199839385,1637
1986,"Mercer",54,15,38450,0.000390117035110533,1638
1986,"Miami",55,47,89631,0.000524372148029142,1639
1986,"Monroe",56,6,15717,0.000381752242794426,1640
1986,"Montgomery",57,374,567113,0.00065948056207493,1641
1986,"Morgan",58,11,14072,0.000781694144400227,1642
1986,"Morrow",59,10,26987,0.000370548782747249,1643
1986,"Muskingum",60,45,83169,0.000541066984092631,1644
1986,"Noble",61,7,11272,0.000621007806955287,1645
1986,"Ottawa",62,14,39700,0.00035264483627204,1646
1986,"Paulding",63,11,20663,0.000532352514155737,1647
1986,"Perry",64,25,31592,0.000791339579640415,1648
1986,"Pickaway",65,23,45582,0.000504585143258304,1649
1986,"Pike",66,11,24595,0.000447245375076235,1650
1986,"Portage",67,44,136974,0.000321228846350402,1651
1986,"Preble",68,26,38674,0.000672286290531106,1652
1986,"Putnam",69,16,33324,0.00048013443764254,1653
1986,"Richland",70,79,127850,0.000617911615174032,1654
1986,"Ross",71,25,66928,0.000373535739899594,1655
1986,"Sandusky",72,33,61732,0.000534568781183179,1656
1986,"Scioto",73,71,81676,0.000869288407855429,1657
1986,"Seneca",74,31,61207,0.000506478017220253,1658
1986,"Shelby",75,21,43819,0.000479244163490723,1659
1986,"Stark",76,217,370686,0.000585401121164544,1660
1986,"Summit",77,293,507995,0.000576777330485536,1661
1986,"Trumbull",78,143,230959,0.000619157512805303,1662
1986,"Tuscarawas",79,49,84048,0.000583000190367409,1663
1986,"Union",80,14,31518,0.000444190621232312,1664
1986,"Van Wert",81,15,29521,0.000508112868805257,1665
1986,"Vinton",82,7,11511,0.00060811397793415,1666
1986,"Warren",83,40,104817,0.000381617485713195,1667
1986,"Washington",84,40,63672,0.000628219625581103,1668
1986,"Wayne",85,38,100282,0.000378931413414172,1669
1986,"Williams",86,13,36050,0.000360610263522885,1670
1986,"Wood",87,40,109355,0.000365781171414201,1671
1986,"Wyandot",88,11,22137,0.00049690563310295,1672
1987,"Adams",1,16,25234,0.000634065150194182,1673
1987,"Allen",2,69,111458,0.000619067271976888,1674
1987,"Ashland",3,28,46381,0.000603695478752075,1675
1987,"Ashtabula",4,53,99422,0.000533081209390276,1676
1987,"Athens",5,27,58292,0.000463185342757154,1677
1987,"Auglaize",6,19,43941,0.000432397988211465,1678
1987,"Belmont",7,62,76317,0.000812400906744238,1679
1987,"Brown",8,30,34894,0.000859746661317132,1680
1987,"Butler",9,159,276105,0.000575867876351388,1681
1987,"Carroll",10,19,26688,0.000711930455635492,1682
1987,"Champaign",11,11,34797,0.00031611920567865,1683
1987,"Clark",12,114,147227,0.000774314493944725,1684
1987,"Clermont",13,89,144116,0.000617558078214771,1685
1987,"Clinton",14,22,35401,0.000621451371430186,1686
1987,"Columbiana",15,67,108194,0.000619257999519382,1687
1987,"Coshocton",16,13,35845,0.000362672618217325,1688
1987,"Crawford",17,24,48652,0.000493299350489189,1689
1987,"Cuyahoga",18,952,1444257,0.000659162462082579,1690
1987,"Darke",19,28,53631,0.000522086106915776,1691
1987,"Defiance",20,16,39270,0.000407435701553349,1692
1987,"Delaware",21,28,59976,0.000466853408029879,1693
1987,"Erie",22,32,77036,0.000415390207175866,1694
1987,"Fairfield",23,54,99228,0.000544201233522796,1695
1987,"Fayette",24,17,27524,0.000617642784479,1696
1987,"Franklin",25,488,921955,0.000529309998861116,1697
1987,"Fulton",26,16,38121,0.000419716166942105,1698
1987,"Gallia",27,19,30294,0.000627186901696706,1699
1987,"Geauga",28,28,76979,0.000363735564244794,1700
1987,"Greene",29,60,131924,0.000454807313301598,1701
1987,"Guernsey",30,33,39591,0.000833522770326589,1702
1987,"Hamilton",31,593,873976,0.00067850833432497,1703
1987,"Hancock",32,36,65449,0.000550046601170377,1704
1987,"Hardin",33,20,31740,0.000630119722747322,1705
1987,"Harrison",34,12,15659,0.000766332460565809,1706
1987,"Henry",35,9,28323,0.000317762948840165,1707
1987,"Highland",36,21,35147,0.000597490539733121,1708
1987,"Hocking",37,17,25080,0.000677830940988836,1709
1987,"Holmes",38,6,30399,0.000197374913648475,1710
1987,"Huron",39,23,55743,0.000412607861076727,1711
1987,"Jackson",40,26,30333,0.000857152276398642,1712
1987,"Jefferson",41,68,82533,0.000823912859098785,1713
1987,"Knox",42,27,47467,0.000568816230223102,1714
1987,"Lake",43,108,213431,0.000506018338479415,1715
1987,"Lawrence",44,46,62280,0.000738599871547848,1716
1987,"Licking",45,61,125243,0.000487053168640164,1717
1987,"Logan",46,30,40476,0.000741179958493922,1718
1987,"Lorain",47,136,268043,0.000507381278376977,1719
1987,"Lucas",48,290,463086,0.000626233572165861,1720
1987,"Madison",49,15,35418,0.000423513467728274,1721
1987,"Mahoning",50,163,272251,0.000598712217769632,1722
1987,"Marion",51,40,64974,0.000615630867731708,1723
1987,"Medina",52,40,116904,0.000342161089440909,1724
1987,"Meigs",53,19,23746,0.000800134759538449,1725
1987,"Mercer",54,12,38802,0.000309262409154167,1726
1987,"Miami",55,44,90178,0.000487923883874116,1727
1987,"Monroe",56,8,15471,0.000517096503134898,1728
1987,"Montgomery",57,361,569400,0.000634000702493853,1729
1987,"Morgan",58,13,14134,0.000919767935474742,1730
1987,"Morrow",59,14,27276,0.000513271740724446,1731
1987,"Muskingum",60,75,83458,0.000898655611205636,1732
1987,"Noble",61,2,11301,0.000176975488894788,1733
1987,"Ottawa",62,26,39622,0.000656201100398768,1734
1987,"Paulding",63,14,20920,0.000669216061185468,1735
1987,"Perry",64,14,31848,0.000439588043205225,1736
1987,"Pickaway",65,26,46021,0.000564959475022272,1737
1987,"Pike",66,13,24937,0.000521313710550587,1738
1987,"Portage",67,62,137565,0.000450696034601825,1739
1987,"Preble",68,18,39149,0.000459781859051317,1740
1987,"Putnam",69,14,33548,0.000417312507452009,1741
1987,"Richland",70,79,127937,0.000617491421559049,1742
1987,"Ross",71,36,67566,0.000532812361246781,1743
1987,"Sandusky",72,22,61805,0.000355958255804547,1744
1987,"Scioto",73,58,81663,0.000710235969778235,1745
1987,"Seneca",74,41,61623,0.000665335994677312,1746
1987,"Shelby",75,16,44076,0.000363009347490698,1747
1987,"Stark",76,244,369864,0.000659701944498518,1748
1987,"Summit",77,323,508761,0.000634875707847103,1749
1987,"Trumbull",78,146,229417,0.00063639573353326,1750
1987,"Tuscarawas",79,38,84202,0.000451295693688986,1751
1987,"Union",80,12,31967,0.000375387117965402,1752
1987,"Van Wert",81,17,29634,0.000573665384355807,1753
1987,"Vinton",82,9,11497,0.000782812907715056,1754
1987,"Warren",83,56,107392,0.000521454112038141,1755
1987,"Washington",84,40,63694,0.000628002637611078,1756
1987,"Wayne",85,45,101383,0.000443861396881134,1757
1987,"Williams",86,22,36448,0.00060359964881475,1758
1987,"Wood",87,45,109821,0.000409757696615401,1759
1987,"Wyandot",88,21,22214,0.000945349779418385,1760
1988,"Adams",1,15,25542,0.000587268029128494,1761
1988,"Allen",2,58,111868,0.00051846819465799,1762
1988,"Ashland",3,30,46508,0.000645050313924486,1763
1988,"Ashtabula",4,65,98559,0.000659503444637222,1764
1988,"Athens",5,24,58653,0.000409186230883331,1765
1988,"Auglaize",6,22,44194,0.00049780513191836,1766
1988,"Belmont",7,70,75003,0.000933296001493274,1767
1988,"Brown",8,23,35426,0.000649240670693841,1768
1988,"Butler",9,158,279860,0.000564567998284857,1769
1988,"Carroll",10,10,26710,0.000374391613627855,1770
1988,"Champaign",11,21,35193,0.000596709572926434,1771
1988,"Clark",12,105,147350,0.000712589073634204,1772
1988,"Clermont",13,75,146788,0.000510940948851405,1773
1988,"Clinton",14,24,35669,0.000672853177829488,1774
1988,"Columbiana",15,60,107217,0.000559612747978399,1775
1988,"Coshocton",16,19,35826,0.000530341093060905,1776
1988,"Crawford",17,31,48540,0.000638648537288834,1777
1988,"Cuyahoga",18,993,1438103,0.000690492961908848,1778
1988,"Darke",19,35,53598,0.000653009440650771,1779
1988,"Defiance",20,22,39484,0.000557187721608753,1780
1988,"Delaware",21,22,61171,0.000359647545405503,1781
1988,"Erie",22,54,76844,0.000702722398625787,1782
1988,"Fairfield",23,45,100459,0.000447943937327666,1783
1988,"Fayette",24,18,27600,0.000652173913043478,1784
1988,"Franklin",25,543,932817,0.000582107744605855,1785
1988,"Fulton",26,11,38171,0.000288176888213565,1786
1988,"Gallia",27,29,30450,0.000952380952380952,1787
1988,"Geauga",28,30,77823,0.000385490150726649,1788
1988,"Greene",29,52,132691,0.000391887920054864,1789
1988,"Guernsey",30,27,39132,0.000689972401103956,1790
1988,"Hamilton",31,576,876631,0.000657060952669938,1791
1988,"Hancock",32,29,65462,0.000443005102196694,1792
1988,"Hardin",33,21,31821,0.000659941548034317,1793
1988,"Harrison",34,14,15229,0.000919298706415392,1794
1988,"Henry",35,9,28357,0.000317381951546355,1795
1988,"Highland",36,24,35528,0.000675523530736321,1796
1988,"Hocking",37,12,25284,0.000474608448030375,1797
1988,"Holmes",38,8,30347,0.000263617491020529,1798
1988,"Huron",39,16,55976,0.000285836787194512,1799
1988,"Jackson",40,18,30357,0.000592943966795138,1800
1988,"Jefferson",41,77,81028,0.000950288789060572,1801
1988,"Knox",42,37,47638,0.000776690877030942,1802
1988,"Lake",43,147,213825,0.000687478077867415,1803
1988,"Lawrence",44,49,62066,0.000789482164147843,1804
1988,"Licking",45,81,125770,0.00064403275820943,1805
1988,"Logan",46,25,40795,0.000612820198553744,1806
1988,"Lorain",47,149,267355,0.000557311439845898,1807
1988,"Lucas",48,305,463044,0.000658684703829442,1808
1988,"Madison",49,16,35780,0.000447177193963108,1809
1988,"Mahoning",50,187,269911,0.000692820966911315,1810
1988,"Marion",51,55,64669,0.000850484776322504,1811
1988,"Medina",52,42,117582,0.00035719753023422,1812
1988,"Meigs",53,16,23791,0.000672523223067547,1813
1988,"Mercer",54,12,38915,0.000308364383913658,1814
1988,"Miami",55,42,90644,0.000463351131900622,1815
1988,"Monroe",56,11,15117,0.000727657604021962,1816
1988,"Montgomery",57,340,570927,0.000595522720067539,1817
1988,"Morgan",58,11,14109,0.000779644198738394,1818
1988,"Morrow",59,10,27478,0.000363927505640876,1819
1988,"Muskingum",60,66,83115,0.000794080490886122,1820
1988,"Noble",61,5,11276,0.000443419652358993,1821
1988,"Ottawa",62,26,39653,0.000655688094217335,1822
1988,"Paulding",63,9,20984,0.000428898208158597,1823
1988,"Perry",64,14,32010,0.000437363323961262,1824
1988,"Pickaway",65,27,46816,0.000576725905673274,1825
1988,"Pike",66,23,24979,0.000920773449697746,1826
1988,"Portage",67,55,138060,0.000398377517021585,1827
1988,"Preble",68,18,39301,0.000458003613139615,1828
1988,"Putnam",69,11,33659,0.000326807094684928,1829
1988,"Richland",70,67,127436,0.000525754104020842,1830
1988,"Ross",71,42,67612,0.000621191504466663,1831
1988,"Sandusky",72,32,61653,0.000519033948064166,1832
1988,"Scioto",73,67,80863,0.000828561888626442,1833
1988,"Seneca",74,40,61638,0.000648950322852786,1834
1988,"Shelby",75,22,44239,0.000497298763534438,1835
1988,"Stark",76,224,368326,0.000608156904481356,1836
1988,"Summit",77,337,508380,0.000662889964200008,1837
1988,"Trumbull",78,146,227250,0.000642464246424642,1838
1988,"Tuscarawas",79,51,83877,0.000608033191458922,1839
1988,"Union",80,6,32436,0.000184979652238254,1840
1988,"Van Wert",81,10,29566,0.000338226341067442,1841
1988,"Vinton",82,4,11493,0.000348037936135039,1842
1988,"Warren",83,59,109232,0.000540134759044969,1843
1988,"Washington",84,40,63446,0.000630457396841408,1844
1988,"Wayne",85,32,102027,0.000313642467190058,1845
1988,"Williams",86,17,36499,0.000465766185374942,1846
1988,"Wood",87,30,110065,0.000272566210875392,1847
1988,"Wyandot",88,16,22147,0.000722445477942837,1848
